Dates,EE0003M Index,US0003M Index,AGGR,ULTR,SHOR,INTE,PREF,MORT,LONG,INFL,INVE,HIGH,CONV,CORP,MUNI,GOVE,BANK
02/01/2020,-0.407,1.90025,348.5832,467.3536,191.3592,26.7126,160.4153,14.45,63.6612,105.214,1041.948,434.0746,9.4575,699.5661,133.9944,133.9944,146.7369
03/01/2020,-0.40986,1.87388,348.839,-95.5126,102.5139,248.9293,143.7098,49.4017,-174.9077,49.5253,128.3847,380.1979,12.594,253.5459,253.5459,133.1293,80.0469
06/01/2020,-0.41714,1.87225,457.4274,207.0028,245.5857,84.4885,53.053,26.2287,-175.7679,73.8024,623.8603,157.1521,12.594,154.9431,154.9431,152.8034,94.0651
07/01/2020,-0.42471,1.878,307.6838,268.9426,182.8307,146.1033,79.0308,13.1131,-237.5334,21.2439,203.4791,30.7559,12.734,-304.6661,-304.6661,183.138,150.9263
08/01/2020,-0.41643,1.834,535.9215,235.7607,45.1052,329.6397,164.33,668.5909,-205.202,61.8482,1703.339,-130.5761,22.6287,313.1562,313.1562,71.7015,158.479
09/01/2020,-0.41571,1.84788,624.9325,69.8793,221.6805,458.0068,83.2266,-12.4436,50.2657,-27.0266,1440.735,268.8344,22.6287,837.5377,837.5377,103.6025,76.8456
10/01/2020,-0.42329,1.83775,437.1251,32.4266,179.5548,341.9535,70.4919,75.6919,76.4384,-6.432,1035.86,276.9258,22.6287,384.9471,384.9471,131.9312,24.073
13/01/2020,-0.42414,1.83125,467.7914,31.707,166.9018,234.1233,95.4292,141.4662,37.1218,-16.9221,1211.792,787.6586,22.6287,1007.683,1007.683,133.7215,-17.59
14/01/2020,-0.42114,1.84263,-422.9885,-94.2241,287.5712,-1633.266,70.1725,111.0555,1119.103,-96.7292,28.5687,663.5347,22.6287,777.1219,777.1219,164.4348,-22.776
15/01/2020,-0.42143,1.83613,26.9567,41.8486,-1531.242,939.3359,98.561,606.9557,-65.6888,111.0227,-45.7406,136.3717,-28.6257,-792.9288,-792.9288,92.0811,-22.776
16/01/2020,-0.41871,1.82663,620.026,307.5571,312.1639,236.2615,54.5364,328.9947,-66.5138,20.3167,1147.193,351.3712,-28.6257,432.5684,432.5684,19.1997,50.1996
17/01/2020,-0.424,1.81913,579.6421,263.4385,256.365,438.04,35.987,18.5059,278.4117,61.0553,1482.931,-45.7478,46.0347,290.9933,290.9933,25.3761,50.1996
20/01/2020,-0.42014,1.80213,579.6421,263.4385,256.365,438.04,35.987,18.5059,278.4117,61.0553,1482.931,-45.7478,46.0347,290.9933,290.9933,25.3761,50.1996
21/01/2020,-0.42,1.80625,211.0864,1.6999,139.2713,-77.9779,9.6219,-22.7011,-30.309,9.5247,191.1096,-128.9374,46.0347,-100.1202,-100.1202,99.4445,-19.261
22/01/2020,-0.41957,1.80088,-992.158,-38.441,-217.1912,-396.9431,38.521,39.361,31.425,16.2115,-860.9795,-127.6232,-2.9737,-199.1073,-199.1073,124.8619,-85.1556
23/01/2020,-0.41886,1.79413,600.6644,-96.0523,-212.4101,170.2217,28.6842,454.6962,273.9001,43.8226,924.2813,-157.4802,-2.9737,-269.7752,-269.7752,58.2133,-102.527
24/01/2020,-0.42386,1.79538,259.8716,7.9663,37.5451,570.2178,21.0127,163.737,172.7096,-10.9297,1317.319,-1753.099,-2.9737,-1859.842,-1859.842,106.2528,-29.682
27/01/2020,-0.429,1.7745,436.1639,-219.6851,-28.5308,-12.3902,4.1765,18.1895,40.539,-120.8075,384.0845,-485.6053,-11.4156,44.7311,44.7311,22.0847,-146.4376
28/01/2020,-0.42243,1.7695,263.7919,30.6856,-17.997,248.5219,6.3789,65.5406,90.4142,31.1764,530.7982,-132.1539,-34.5137,140.9037,140.9037,-60.241,-41.3919
29/01/2020,-0.42243,1.77713,776.4893,-6.8499,461.5525,449.5221,67.229,448.883,89.6178,-8.0245,1631.345,251.7593,-34.5137,92.6501,92.6501,140.1427,0.8471
30/01/2020,-0.42143,1.76325,686.9256,205.0545,54.089,277.7683,59.1832,113.3646,23.7123,23.9455,1180.828,-403.6963,17.3281,-264.7237,-264.7237,205.785,-59.0672
31/01/2020,-0.41643,1.75113,354.4971,-84.3423,-377.0167,33.3318,70.242,13.0958,55.3503,-73.5504,322.5692,-487.9632,17.1725,-244.4203,-244.4203,28.4063,-99.9961
03/02/2020,-0.423,1.741,644.7193,105.7165,165.2264,430.5467,39.769,33.0008,362.0165,-79.5545,1245.427,90.2645,-23.1619,273.0667,273.0667,-71.6931,-70.5829
04/02/2020,-0.42643,1.73738,395.7478,296.5049,153.2442,288.7661,72.9836,14.3516,-81.9482,19.3068,1107.909,441.918,11.7967,894.3995,894.3995,25.6997,-28.7694
05/02/2020,-0.42657,1.74163,444.5686,6.3633,253.3015,-316.3579,63.8064,7.9699,386.3088,34.8321,967.0187,907.1337,11.7967,1650.748,1650.748,54.776,-45.3568
06/02/2020,-0.42329,1.73413,339.6415,230.2694,183.5599,174.9485,74.3895,24.7757,34.4782,12.3879,675.5284,579.7047,11.707,930.1995,930.1995,69.6767,-1.742
07/02/2020,-0.42314,1.73088,460.6112,60.3602,174.2731,54.5987,63.2063,142.06,166.3891,164.1945,852.9536,85.5812,11.707,-76.1352,-76.1352,75.2835,-55.7532
10/02/2020,-0.425,1.71313,637.3274,30.6864,267.0186,472.4073,31.8118,11.9236,-109.4958,22.5232,1060.218,-216.4431,27.5832,-117.5991,-117.5991,107.2924,-96.6914
11/02/2020,-0.43114,1.70725,674.2678,145.9751,126.5418,327.556,49.8601,647.6623,106.3937,2.1501,1879.423,765.4436,13.348,1183.363,1183.363,67.2802,17.4
12/02/2020,-0.43271,1.70375,367.9209,82.1851,1.885,247.1508,82.9821,412.3828,118.56,29.7678,1236.143,359.3603,-7.7094,742.2121,742.2121,73.8127,32.798
13/02/2020,-0.43429,1.69163,637.6868,189.7359,172.5718,99.4755,9.15,320.476,181.6983,-10.8619,1135.279,-197.1896,29.7413,-75.5841,-75.5841,58.3671,0.6555
14/02/2020,-0.43557,1.69175,620.7713,166.7026,378.5309,220.4918,28.275,7.861,259.817,92.6032,1189.55,-231.1977,41.7933,1.8863,1.8863,53.9111,0.6557
17/02/2020,-0.43371,1.69288,620.7713,166.7026,378.5309,220.4918,28.275,7.861,259.817,92.6032,1189.55,-231.1977,41.7933,1.8863,1.8863,53.9111,0.6557
18/02/2020,-0.43343,1.69463,571.8281,-190.5204,213.82,217.5608,39.799,76.5922,150.4435,2.7997,586.4184,-249.2644,8.8842,-391.1314,-391.1314,59.2289,-243.7452
19/02/2020,-0.43329,1.696,390.6893,28.6251,231.5749,135.2947,83.7764,188.0245,193.1692,-1.8086,710.594,186.4367,-30.1491,79.1446,79.1446,138.5787,-243.7452
20/02/2020,-0.44043,1.68275,635.1443,48.1617,219.6958,129.4777,24.6815,115.2498,30.5819,47.4811,732.8235,-409.5383,18.0844,-710.5477,-710.5477,77.2477,-4.4917
21/02/2020,-0.44086,1.67925,20.6134,-324.6508,62.4143,-145.2184,27.0831,39.8571,391.2881,23.1958,578.5601,-850.0157,-24.7228,-566.1455,-566.1455,211.1081,-384.159
24/02/2020,-0.44086,1.64663,598.5819,-125.3418,133.5154,362.321,-11.6221,28.7705,-190.2205,3.6734,1254.897,-1091.97,-17.5079,-502.3864,-502.3864,92.716,-93.103
25/02/2020,-0.45029,1.63763,515.1002,-196.2021,149.7585,1176.309,-100.7799,83.4797,299.6247,14.2107,1623.359,-1814.356,-34.3814,-1867.825,-1867.825,138.239,-133.312
26/02/2020,-0.45571,1.61325,392.8237,-280.0631,450.4546,1724.337,-115.5465,-16.5714,-114.5924,-15.114,2017.48,-2258.749,-17.0911,-2112.19,-2112.19,47.8207,-283.497
27/02/2020,-0.45957,1.58038,378.7395,-396.828,-293.9802,530.0855,-29.9368,-149.8266,-64.8816,-96.8913,-538.7635,-1243.097,-38.8489,-1289.798,-1289.798,20.0214,-197.6301
28/02/2020,-0.47129,1.46275,413.2522,-1.4991,339.7698,-138.844,-75.2675,13.5222,110.5176,-183.8259,-453.4762,-849.8499,-55.185,-1574.678,-1574.678,-74.5404,-223.4352
02/03/2020,-0.49443,1.25375,2118.14,418.9712,1493.743,1411.499,-5.1821,4.703,776.867,412.5035,4589.35,653.6807,-55.185,729.6167,729.6167,-116.3879,-141.1102
03/03/2020,-0.48714,1.31425,989.4328,219.5674,642.9271,497.8627,-10.5592,128.1295,411.4929,518.4076,2886.041,1147.767,13.304,1549.3,1549.3,24.5999,-100.1027
04/03/2020,-0.49157,1.00063,550.7661,290.4993,223.7148,162.0615,-4.9532,-142.8665,-107.528,267.4528,1359.344,660.746,13.0123,1006.56,1006.56,-48.6275,-30.4155
05/03/2020,-0.49657,0.99888,468.1309,124.7341,285.765,62.5903,-8.3785,7.7187,-77.6508,30.2307,858.8254,-1395.631,61.3303,-855.2143,-855.2143,-113.6133,-19.9128
06/03/2020,-0.51829,0.896,-277.7297,-409.3264,118.2054,84.7969,-86.2475,-198.8495,22.7734,94.2231,-1119.232,-980.1759,21.9685,-1855.251,-1855.251,20.0234,-44.7844
09/03/2020,-0.526,0.76813,-1008.377,1119.145,2268.335,-1010.644,-84.2444,31.218,-315.0633,-140.088,1783.548,241.6109,-60.5285,-125.0167,-125.0167,77.4824,-57.8722
10/03/2020,-0.50957,0.78413,-304.1014,791.324,866.4937,-229.0838,-178.308,-230.616,103.8866,-481.7506,627.1615,-1237.813,-47.6193,-1866.76,-1866.76,-2.9297,-214.7261
11/03/2020,-0.53914,0.7725,-1240.934,-226.9385,-7.9917,-1120.108,-95.5194,-398.44,-450.9072,-527.7419,-4617.164,3.2007,-60.5657,-754.1829,-754.1829,-76.8425,-43.5251
12/03/2020,-0.52143,0.7405,-1838.524,2016.869,-539.956,-1332.519,-257.8692,-449.2995,-489.1445,-576.7558,-3674.61,-184.7409,-61.1792,-2391.362,-2391.362,-231.3505,-94.5751
13/03/2020,-0.42729,0.84313,-3089.513,1044.556,-691.7337,-1061.164,-105.2525,-634.4233,-659.0098,-694.3734,-4418.577,-541.5068,-47.9008,-1459.069,-1459.069,-302.8124,-45.8466
16/03/2020,-0.41971,0.88938,-2066.691,618.4608,-329.4241,-857.7085,-147.1621,-21.4438,-906.2161,-487.6021,-3077.454,178.8521,-31.6594,-798.5284,-798.5284,-214.608,-46.2226
17/03/2020,-0.39543,1.05188,-1814.465,-315.6807,-616.6822,-719.7283,-106.4213,0.0494,-192.8116,-156.1321,-2997.029,141.1136,-45.3337,-678.6659,-678.6659,-415.0881,-126.0687
18/03/2020,-0.38514,1.11575,-2708.203,327.6752,-310.1551,-1255.298,-222.425,-97.3562,-1965.848,-320.3585,-3733.738,-30.0187,-47.3289,-66.0771,-66.0771,-291.1501,-56.6934
19/03/2020,-0.37657,1.19513,-3384.648,-400.1533,-77.453,-839.2707,-148.3388,-133.5685,-1276.906,-87.0599,-4197.877,379.9709,-29.6898,158.9302,158.9302,-343.7021,-56.6706
20/03/2020,-0.353,1.20413,-1893.161,347.6975,161.464,-1286.257,-52.6492,-481.7966,-957.6776,-79.5321,-994.9363,117.3556,-25.7852,851.2401,851.2401,-52.1126,-25.5779
23/03/2020,-0.31,1.21563,-749.0586,267.9227,15.3022,-496.6699,-159.7515,-218.0488,169.4012,-228.3098,351.5732,-826.8788,-4.3286,-72.6308,-72.6308,-203.2696,-16.81
24/03/2020,-0.31686,1.23238,-615.2337,-104.1938,613.6063,48.3906,-9.2827,-76.9147,-132.0551,-170.53,1214.184,324.043,-13.654,1712.109,1712.109,-4.3033,18.9065
25/03/2020,-0.30771,1.267,70.2498,-89.6398,220.5565,210.3637,52.8726,-138.588,-51.8152,-75.3951,1071.108,1396.416,-16.89,2199.692,2199.692,45.8464,117.919
26/03/2020,-0.29571,1.37463,-101.3008,67.3851,239.6989,-315.3743,36.3846,-35.546,-578.491,-140.7895,574.292,861.8169,-18.4852,2146.412,2146.412,-22.6819,66.1964
27/03/2020,-0.28914,1.45013,-863.6102,-387.0043,-4120.603,-19.9126,-17.5956,16.9432,-26.9844,-19.8606,-3386.066,120.1983,-18.4852,1323.846,1323.846,-8.1623,-42.4577
30/03/2020,-0.26471,1.43338,215.4774,-101.7352,653.5619,-149.9598,3.239,-19.5855,13.7246,-225.1175,1460.154,499.6703,-18.4852,1497.623,1497.623,-34.3712,-16.4705
31/03/2020,-0.25471,1.4505,104.0604,522.7728,215.7668,24.874,8.0874,-0.0329,-78.9755,-276.2964,808.1644,75.1167,-5.5276,178.0718,178.0718,18.6869,-4.244
01/04/2020,-0.24729,1.4365,-313.9493,-161.8981,77.1364,681.2904,-175.0941,10.26,-183.3878,-7.8993,344.175,-792.5804,-13.8802,-875.4958,-875.4958,-173.8508,-212.495
02/04/2020,-0.24114,1.373,160.2681,7.0149,270.7572,88.7325,-37.7501,51.42,1.6826,-590.237,303.0038,-303.6147,-13.8802,-366.3135,-366.3135,-92.2282,-88.9184
03/04/2020,-0.23243,1.38738,-381.676,499.0928,125.1335,-429.131,-33.8548,51.42,-122.2197,-5.99,88.3529,-588.3415,-33.5854,-664.4008,-664.4008,-159.1958,-104.0368
06/04/2020,-0.23157,1.35238,208.0209,15.7932,150.6181,164.0169,-2.0056,-50.677,201.9411,-80.42,1002.668,134.5487,-33.5854,669.3963,669.3963,-29.827,-23.2128
07/04/2020,-0.23343,1.31988,186.5865,244.368,-21.7929,-85.6172,15.6678,-27.7549,-245.9974,-11.0884,306.7297,765.5524,9.6049,1201.29,1201.29,10.8043,106.1255
08/04/2020,-0.22229,1.31138,169.6568,329.2574,370.4499,179.8014,53.5289,5.266,-249.1081,-126.097,767.25,818.2295,9.6049,1612.079,1612.079,84.9466,167.394
09/04/2020,-0.21243,1.21888,175.5914,25.3808,404.2704,-5.2217,175.8979,-183.0453,-46.4147,-520.7905,-1072.005,1503.068,9.6049,2027.065,2027.065,61.7811,69.3386
14/04/2020,-0.21857,1.17613,459.7765,97.9502,929.4196,-16.1076,13.2091,-135.1557,-402.9133,12.865,1735.5559,632.1726,10.259,2707.487,2707.487,-55.5957,-10.1481
15/04/2020,-0.21686,1.13488,115.8598,-209.4201,204.4962,175.8682,7.6416,-3.2797,-201.8477,55.3864,619.2745,277.07,10.1816,524.1791,524.1791,82.8574,-24.5905
16/04/2020,-0.19257,1.13525,649.0198,-160.3323,579.1924,71.465,-1.5792,-1.5575,-42.3616,69.0405,1011.227,455.0274,10.1816,847.3617,847.3617,88.4901,-24.5905
17/04/2020,-0.18214,1.109,347.1538,70.1692,754.8326,341.6383,28.3942,-1.5575,87.0702,-53.937,1633.339,958.1667,10.1816,1756.868,1756.868,49.348,21.1299
20/04/2020,-0.16714,1.09763,-148.8976,-31.4067,-247.0896,-94.4924,-10.0139,-90.7408,9.8824,50.7821,-139.4629,-43.2968,-15.5461,-278.8437,-278.8437,-27.5958,2.1194
21/04/2020,-0.15757,1.043,357.8385,73.4659,-69.6817,-68.071,-21.0264,-90.7408,266.907,33.5771,427.2093,-606.5719,20.3096,-921.0479,-921.0479,-14.453,-61.953
22/04/2020,-0.14243,1.02025,565.6042,76.0076,79.1975,-28.5592,-20.8037,-45.135,461.6912,66.915,709.1041,136.7329,10.3385,160.2613,160.2613,-101.0144,-12.5755
23/04/2020,-0.14757,0.99138,38.8989,-146.1448,113.4851,111.5782,-8.9993,-55.42,150.526,152.4894,508.5764,470.5842,10.3385,622.6693,622.6693,-51.0488,-12.5671
24/04/2020,-0.152,0.88713,219.3706,-150.5628,349.8584,96.8102,-10.6121,-42.5375,348.463,7.0486,491.9871,-564.5676,-10.4306,-791.8321,-791.8321,-33.9855,-72.5866
27/04/2020,-0.17357,0.84075,334.0521,-23.1837,493.6839,358.3285,-7.4598,7.6935,171.173,7.0486,681.559,228.0027,-10.4306,287.9482,287.9482,-63.4171,10.2746
28/04/2020,-0.16457,0.76013,397.2253,-131.4278,300.2312,413.3195,3.8276,-57.517,479.6174,-214.0561,561.1647,430.829,-10.4306,103.6095,103.6095,61.013,20.8537
29/04/2020,-0.174,0.68663,355.0267,308.9345,189.0725,414.1776,26.9287,20.111,130.4621,24.7475,1121.417,1233.479,-10.4306,1247.205,1247.205,4.2268,186.3583
30/04/2020,-0.185,0.55613,301.2171,-24.4324,234.9239,26.2452,38.0788,20.111,210.4083,-61.5887,526.1454,886.2223,-10.4306,1145.053,1145.053,-15.8432,62.6845
01/05/2020,-0.17071,0.54088,446.3189,-427.9362,261.3646,291.8476,1.6771,-46.7936,90.7649,108.765,207.2817,568.2708,-10.3857,292.2591,292.2591,22.3246,-70.9892
04/05/2020,-0.17414,0.50088,501.0956,128.7827,291.9929,329.4978,-11.8089,2.6735,-87.4783,108.2997,1420.201,-338.2006,-10.3857,302.0729,302.0729,17.5501,-135.3005
05/05/2020,-0.20486,0.474,522.2404,326.3454,328.4641,162.8382,-2.6862,82.8983,-50.5233,71.0218,1380.375,609.5483,-10.6303,1249.244,1249.244,111.3163,-35.4351
06/05/2020,-0.217,0.44763,510.9991,3.0017,474.2704,-8.8127,-5.0001,66.3185,-34.7346,79.8316,999.5706,-179.1321,26.7011,36.2063,36.2063,110.0123,-13.269
07/05/2020,-0.24243,0.43463,435.456,5.8321,144.2397,151.9506,6.4285,66.2897,-48.4761,206.5814,694.2855,374.6368,26.7011,178.497,178.497,29.8986,4.1925
11/05/2020,-0.22457,0.4335,444.2273,-45.7965,114.5998,-53.2133,51.7642,107.5515,-278.7214,-33.2054,-221.9834,140.2359,9.5265,25.5057,25.5057,57.1974,37.8873
12/05/2020,-0.23071,0.424,573.9531,38.905,296.2403,-62.7511,6.5003,24.1268,-62.9773,120.468,699.4171,246.3106,9.5265,478.9101,478.9101,44.1599,-3.136
13/05/2020,-0.24329,0.39238,629.097,8.5435,145.0629,462.3222,-9.1298,41.7465,34.7971,53.1954,1570.616,-1012.951,10.7104,-562.2265,-562.2265,133.319,-34.7252
14/05/2020,-0.258,0.38563,318.5022,139.2144,361.9631,221.7233,6.7743,15.6538,67.5571,60.6012,552.6902,-337.4294,10.7104,-615.3727,-615.3727,164.9805,-52.5883
15/05/2020,-0.263,0.3805,606.1455,65.2569,284.8927,661.9037,-18.0062,11.4547,7.6741,60.7097,2027.286,26.4529,10.7104,1109.9,1109.9,120.0475,-62.9786
18/05/2020,-0.26586,0.37663,-406.3618,272.5177,307.7249,192.6937,6.5109,5.325,358.3717,176.841,1097.313,1181.347,10.9594,2067.205,2067.205,113.3704,12.5829
19/05/2020,-0.29186,0.37413,-324.2689,75.8855,431.1287,151.3906,21.1942,5.325,-55.2237,68.6138,611.3496,484.8728,-10.9309,1445.115,1445.115,156.5002,-6.46
20/05/2020,-0.30886,0.358,511.8477,-184.2913,191.3554,371.1204,74.0301,27.4445,-153.8591,28.7711,892.1573,1190.223,16.5736,2078.201,2078.201,177.7995,16.8105
21/05/2020,-0.31086,0.3595,582.19,96.953,582.7829,375.1227,26.2367,38.6864,68.5864,58.2421,1712.104,990.8749,16.5736,2033.898,2033.898,50.1707,44.314
22/05/2020,-0.32314,0.36925,528.7311,215.9504,374.8985,273.0137,12.2104,19.957,29.3385,71.6467,1190.477,246.9037,16.5736,787.4874,787.4874,17.5802,44.314
26/05/2020,-0.322,0.37125,639.7354,191.8438,172.4895,131.4139,32.8215,15.918,43.4274,85.7365,1564.045,1283.063,61.6499,2122.424,2122.424,64.645,68.263
27/05/2020,-0.33471,0.3625,616.6889,-515.4092,576.628,467.8473,22.26,108.5836,-51.9202,32.1658,912.5419,-326.5893,40.2587,143.8927,143.8927,98.031,32.1165
28/05/2020,-0.34714,0.35,1004.046,-312.0326,483.8394,469.2681,65.6322,187.4625,-342.9451,63.4854,1486.21,471.3356,42.0363,1268.461,1268.461,206.2668,30.0366
29/05/2020,-0.34657,0.344,951.4525,-191.4155,97.5036,390.4189,29.7364,224.3146,-56.98,5.7313,1460.133,-246.107,42.0363,707.2327,707.2327,142.9079,-7.965
01/06/2020,-0.35,0.33713,617.8943,-185.3135,484.925,-453.4683,26.5276,32.905,-56.1088,204.7057,1016.779,1494.947,11.5066,2424.716,2424.716,127.5725,8.5925
02/06/2020,-0.367,0.3305,577.6526,-404.6505,425.8921,819.4087,16.3142,2.6945,-73.9273,21.1168,1889.262,1599.271,11.5066,3330.339,3330.339,164.6115,33.3965
03/06/2020,-0.36129,0.32663,587.4248,-64.1201,673.7923,1090.656,20.2075,32.2636,-44.3814,47.1743,2419.958,1508.996,108.288,3217.962,3217.962,182.5161,76.7619
04/06/2020,-0.35471,0.31763,649.9353,-166.7735,316.0779,659.1253,7.9414,32.0854,-252.8789,80.7736,1153.055,517.5927,20.4534,1029.43,1029.43,102.6596,47.9032
05/06/2020,-0.37843,0.31288,375.1083,-47.8265,-140.6627,-456.4524,28.9448,10.7277,16.7493,97.818,-287.33,1542.729,11.8398,1889.945,1889.945,81.3504,56.9763
08/06/2020,-0.381,0.30975,462.5115,-537.8075,-286.0926,-71.2668,61.8227,48.3996,-149.6481,33.0447,-469.0043,-300.7438,11.8398,-15.1832,-15.1832,84.0437,43.6865
09/06/2020,-0.37886,0.31463,327.0315,-473.8523,-254.697,420.2507,23.5393,62.245,68.5602,-525.1487,-62.3351,-405.7934,104.7529,290.4473,290.4473,225.3492,-6.6912
10/06/2020,-0.37171,0.31838,333.0717,-444.3318,61.8418,996.0006,21.7033,44.207,92.1693,-346.6238,1277.126,-15.0336,-107.646,990.0995,990.0995,466.6587,-6.6912
11/06/2020,-0.37743,0.31338,227.1044,-206.5774,-358.6664,517.5488,-22.9288,37.406,-35.3208,4.7531,-1055.004,-863.5109,-69.6668,-1150.006,-1150.006,-3.2522,-184.0277
12/06/2020,-0.39229,0.32088,-140.937,459.656,-420.9123,196.4141,-121.6643,74.0904,21.6448,-17.1613,1039.556,-152.3581,11.6284,402.7745,402.7745,22.0043,-143.0318
15/06/2020,-0.39414,0.299,510.3341,167.289,289.0495,485.3697,-40.4158,23.5595,30.8123,90.3998,1431.129,574.8765,11.7841,1246.41,1246.41,69.8372,-2.1991
16/06/2020,-0.40029,0.30788,62.3476,-140.5736,506.1276,416.6802,11.1957,40.807,435.3609,53.0472,1748.973,807.9418,11.7841,2118.175,2118.175,19.4174,-2.1991
17/06/2020,-0.40743,0.31625,483.9709,339.1,202.3388,777.0982,11.115,11.4727,25.9628,91.6868,2135.573,-120.9892,17.9796,917.1561,917.1561,41.762,31.5938
18/06/2020,-0.40771,0.30638,498.8144,173.5392,491.6193,564.369,8.1043,7.711,562.1795,243.5495,1680.456,-570.9858,12.0052,113.8938,113.8938,17.1113,14.1769
19/06/2020,-0.41457,0.30513,487.7728,58.0696,257.0248,700.8396,11.3057,15.4943,92.3537,427.424,1851.147,-185.224,36.0152,655.6782,655.6782,-24.5202,-4.3284
22/06/2020,-0.40971,0.29663,289.7003,-172.0767,327.3468,228.1183,-61.674,2.5835,-100.9472,230.0303,762.946,8.8161,18.0937,674.318,674.318,143.5586,17.2582
23/06/2020,-0.40571,0.29688,680.8993,333.5334,454.1277,562.5277,3.3675,38.4368,180.4886,802.6193,2860.295,124.413,36.243,910.6087,910.6087,114.7457,-7.6758
24/06/2020,-0.40143,0.28375,716.3532,89.8356,279.4134,-711.4797,5.9191,143.806,28.3463,564.9258,950.0653,-751.6573,29.5757,3.7828,3.7828,145.1045,-58.0082
25/06/2020,-0.38571,0.306,651.447,89.8772,368.413,57.0243,-1.835,14.1396,25.5414,524.5124,1625.637,-577.3829,12.2532,104.1015,104.1015,77.116,-73.1829
26/06/2020,-0.39186,0.30788,466.673,30.1942,485.1824,352.3363,3.4199,7.707,532.7847,11.3724,1776.476,-326.1652,12.2532,-58.2654,-58.2654,86.1314,-0.0923
29/06/2020,-0.42829,0.29613,582.8442,98.3751,412.7019,3457.051,25.7361,69.2157,117.2637,37.3347,4935.204,-2412.244,41.9675,-1744.645,-1744.645,229.6889,1.976
30/06/2020,-0.422,0.302,337.2783,-1.0735,84.2543,650.2965,23.4133,11.7036,145.7298,294.8141,1708.22,123.358,72.2836,841.0184,841.0184,53.2812,18.8596
01/07/2020,-0.41129,0.2985,377.1946,-144.4839,275.793,1312.586,20.2314,5.0853,41.1913,382.5662,2366.539,196.4588,14.128,1172.708,1172.708,110.6522,15.6871
02/07/2020,-0.39886,0.30375,343.6859,-10.3599,235.7144,530.1069,21.2966,7.8765,323.9613,184.6325,1787.04,356.3312,14.128,1293.748,1293.748,65.9707,22.1903
03/07/2020,-0.42329,0.27588,343.6859,-10.3599,235.7144,530.1069,21.2966,7.8765,323.9613,184.6325,1787.04,356.3312,14.128,1293.748,1293.748,65.9707,22.1903
06/07/2020,-0.43514,0.2765,560.4336,-271.6226,117.6845,568.8327,14.3284,6.6453,222.8642,85.9985,1458.641,517.3631,14.3295,1132.422,1132.422,171.6139,27.9165
07/07/2020,-0.42786,0.26838,1000.44,-168.2195,412.2201,215.3227,-6.3166,12.0178,196.7656,178.7013,1679.798,328.6386,12.455,744.0027,744.0027,149.989,-6.8441
08/07/2020,-0.43157,0.27288,663.9111,-244.1522,36.1444,184.2213,25.7389,16.1279,298.9199,94.6405,1282.87,-232.6185,12.455,315.0709,315.0709,41.0998,-49.3546
09/07/2020,-0.43929,0.26625,520.2218,-176.3928,162.3837,136.8097,24.9595,6.5355,-129.7894,61.844,370.3851,-133.1654,12.6492,-100.1672,-100.1672,117.0061,-33.1573
10/07/2020,-0.43814,0.26813,349.2292,-108.103,201.1334,208.0081,5.9672,9.3823,44.7162,91.8382,545.5161,175.4403,19.1592,196.1472,196.1472,101.8556,-4.3389
13/07/2020,-0.44114,0.275,553.7046,10.5535,59.6846,90.1065,1.171,7.787,109.2276,-6.1006,805.8636,401.6506,12.5301,749.4766,749.4766,42.6071,-4.3389
14/07/2020,-0.43914,0.27088,395.0041,22.9295,213.7853,229.8111,-2.5697,5.9145,71.5648,148.623,745.3141,65.2047,12.5301,180.7384,180.7384,11.3435,-4.3389
15/07/2020,-0.45471,0.27288,804.161,-329.9228,-68.6285,238.6024,21.4832,1.3394,359.4364,6.1494,598.3056,199.0309,-12.7367,230.7609,230.7609,70.7696,7.925
16/07/2020,-0.45171,0.27175,734.0659,-68.3388,270.376,506.3867,14.8253,18.7161,-288.6474,138.7023,979.2659,553.8144,-12.7367,885.0063,885.0063,99.7088,12.6526
17/07/2020,-0.44414,0.27138,488.4788,-21.4462,55.8084,226.51,13.2057,1.3397,-324.5119,35.3167,347.2428,-26.4425,12.6753,310.3172,310.3172,111.5596,36.6993
20/07/2020,-0.44114,0.25775,438.7294,-117.1513,357.1687,182.5828,18.4219,14.7358,497.879,71.495,1542.668,816.3137,12.9449,1074.777,1074.777,313.812,9.1121
21/07/2020,-0.445,0.2555,586.9096,-27.2585,178.1914,208.9254,603.8209,152.8398,86.7356,107.7359,1654.409,1017.53,12.9449,1437.004,1437.004,69.1273,9.1121
22/07/2020,-0.43643,0.2635,464.9709,-132.054,378.2784,267.5714,593.545,46.458,55.0065,70.1568,1457.897,208.8998,-12.93,432.3669,432.3669,191.125,10.849
23/07/2020,-0.437,0.2445,727.2735,127.2173,222.597,250.8946,-550.0531,-5.7273,83.5259,65.9334,530.4226,-96.4517,12.7711,133.6415,133.6415,87.6545,-1.596
24/07/2020,-0.43543,0.24675,649.1677,-90.9214,147.3834,-35.2529,15.6236,-68.0889,122.6865,235.1891,686.3719,169.604,12.7711,291.7691,291.7691,31.3558,-7.088
27/07/2020,-0.444,0.26963,557.4827,-10.8311,-117.1749,-86.4429,4.4856,7.6865,-13.3663,101.7801,322.9583,-8.4323,-19.2327,-374.1272,-374.1272,14.0609,26.0075
28/07/2020,-0.44571,0.26825,655.2227,55.1777,-49.1562,166.2515,30.7002,106.0405,111.0097,-9.727,963.5822,110.5491,-12.7646,83.1738,83.1738,121.8763,25.9877
29/07/2020,-0.44529,0.26063,648.9151,-81.2756,630.579,227.1684,58.3245,159.446,199.4687,166.6266,1673.311,851.1085,-7.1726,1139.056,1139.056,51.584,47.0353
30/07/2020,-0.44057,0.251,445.879,-3.4643,307.3359,-3427.426,64.5504,44.0571,93.6885,113.7745,-2681.589,1543.641,-19.4796,1699.041,1699.041,75.7641,47.0353
31/07/2020,-0.44471,0.24875,465.3904,-113.9153,-67.7642,659.2525,26.2354,1.343,215.6243,114.3309,632.9594,-247.8904,16.2378,-320.0535,-320.0535,37.2114,47.0353
03/08/2020,-0.45157,0.249,602.6067,45.1603,420.5958,-241.2723,27.3018,3.559,76.3908,226.6605,717.6812,686.3376,-39.4062,1216.493,1216.493,101.89,47.0353
04/08/2020,-0.45771,0.2485,164.0382,-191.7368,-24.4615,-86.5912,20.3818,5.3533,-253.0086,122.7954,-78.9633,144.7402,-13.2051,670.3479,670.3479,271.7665,-88.9753
05/08/2020,-0.46943,0.242,249.0226,-19.3457,539.3909,-47.8957,5.0223,7.6575,-91.4305,170.9422,371.0964,513.8318,-13.2051,695.7184,695.7184,80.4873,-26.0665
06/08/2020,-0.46857,0.24325,479.0957,-162.3607,233.0112,256.4231,18.2167,-45.4217,-28.302,214.4245,833.1804,305.6191,19.8908,548.2175,548.2175,151.0386,-39.5196
07/08/2020,-0.47086,0.2525,456.6571,-24.1398,-9.5824,259.6748,24.0929,341.7332,-21.9917,155.6247,1111.922,229.6767,19.22,421.7135,421.7135,99.8795,32.1932
10/08/2020,-0.47543,0.25688,603.4881,-47.4926,378.4446,38.63,24.9718,8.0145,-226.4602,173.6948,863.5276,14.7031,13.0869,386.7734,386.7734,152.7779,32.1932
11/08/2020,-0.49671,0.2535,-39.1982,12.3483,153.5476,91.0967,60.2204,-11.062,-266.8072,111.6009,107.4753,303.0897,13.0869,859.8376,859.8376,24.0658,48.6079
12/08/2020,-0.50186,0.26475,159.0143,-15.2026,220.5368,-278.0666,32.0828,-11.062,119.3597,26.7121,20.538,-497.6539,-19.7906,-581.1457,-581.1457,20.7429,45.899
13/08/2020,-0.505,0.28013,267.927,0.0035,79.4898,-22.8002,38.8044,70.4104,16.8074,249.2437,484.1918,151.2281,13.296,185.1506,185.1506,9.2989,30.5883
14/08/2020,-0.51343,0.27038,-168.448,156.4365,129.3476,-311.3022,16.7317,87.4582,116.3467,199.0849,-804.8304,-891.8698,-13.2691,-1653.384,-1653.384,48.1995,32.7741
17/08/2020,-0.513,0.26775,444.7217,128.0873,238.261,130.2497,60.4503,66.3728,237.8311,65.6403,926.6159,-328.5251,-13.4823,-165.3015,-165.3015,7.9482,93.7102
18/08/2020,-0.51314,0.253,142.3088,-298.0814,257.521,-139.5031,89.4975,96.7885,119.9596,172.4213,351.0549,607.0734,116.1728,903.5567,903.5567,15.4427,6.1168
19/08/2020,-0.51471,0.24688,440.6266,-107.3338,175.7023,198.3599,84.7527,27.93,47.6072,92.5841,1070.617,-305.7337,13.5521,284.9188,284.9188,82.7492,-4.791
20/08/2020,-0.51486,0.25613,430.6697,116.2441,146.8036,-75.0486,30.5229,23.7483,-140.3129,120.0561,313.0072,83.0828,13.6458,355.6618,355.6618,-94.7657,7.975
21/08/2020,-0.515,0.25,508.8765,-48.7196,387.2849,65.0125,2.3041,15.8407,-203.7316,234.2194,522.5854,388.1981,13.6458,526.7199,526.7199,6.4208,7.975
24/08/2020,-0.51243,0.23375,354.9688,114.1873,255.0654,214.7154,48.607,15.8354,-97.1742,77.2492,663.8851,689.2942,13.6664,841.7315,841.7315,44.2239,14.2702
25/08/2020,-0.51657,0.251,145.6385,-504.1618,341.5197,207.602,81.1717,34.611,136.814,133.8548,85.3391,357.8464,13.6664,384.4589,384.4589,35.334,6.5342
26/08/2020,-0.513,0.25588,607.2244,-490.782,486.8558,317.3108,126.7317,235.4061,52.6325,109.0051,1010.925,461.675,13.9282,1084.603,1084.603,-73.3489,13.5086
27/08/2020,-0.51029,0.246,369.8438,-55.4468,582.8738,272.1018,61.9044,109.8753,-417.2775,91.4942,1047.144,-35.26,13.9489,467.9027,467.9027,-40.6134,13.5086
28/08/2020,-0.50871,0.24088,228.0188,3.3111,169.6474,196.9893,67.7543,92.6722,-199.0605,105.725,321.1994,-1.9646,13.9489,28.3784,28.3784,24.4859,37.0988
01/09/2020,-0.50586,0.25113,416.7752,144.3625,409.1504,339.5687,77.4129,10.481,-234.7535,161.4581,963.8412,209.5523,-30.2007,577.3334,577.3334,-82.5173,26.2729
02/09/2020,-0.50457,0.25125,632.6389,-6.9059,171.0428,-15.5235,23.0221,16.8686,-309.1692,236.5481,945.9213,255.9765,-3.5858,855.7726,855.7726,49.3361,2.2359
03/09/2020,-0.50114,0.2495,434.3222,-14.2903,342.6386,680.1234,-3.7822,-147.0439,-162.7924,210.309,853.0258,-399.603,-20.6108,-298.2735,-298.2735,116.644,-81.348
04/09/2020,-0.50671,0.248,725.2686,-116.1379,286.9236,140.83,-18.961,-75.5768,-339.7174,-8.4483,463.5576,-623.2734,-20.4603,-398.6618,-398.6618,85.9573,-90.3012
07/09/2020,-0.51314,0.24175,725.2686,-116.1379,286.9236,140.83,-18.961,-75.5768,-339.7174,-8.4483,463.5576,-623.2734,-20.4603,-398.6618,-398.6618,85.9573,-90.3012
08/09/2020,-0.51614,0.2495,518.3511,266.2489,27.8588,45.5496,-7.554,10.7256,-77.7284,85.4967,883.8562,-347.9209,-46.0931,-188.5425,-188.5425,35.0262,-71.6581
09/09/2020,-0.51786,0.25025,861.3381,788.0545,289.3243,308.8928,17.4665,5.103,-180.0118,126.1691,2057.974,222.8414,-46.0931,428.4264,428.4264,48.3703,-2.2438
10/09/2020,-0.512,0.24913,913.6786,159.7902,216.7585,373.3415,14.8061,80.11,178.0738,92.6205,1814.029,25.2752,-46.0931,125.8138,125.8138,19.0094,-69.3267
11/09/2020,-0.50743,0.25038,611.9225,442.7535,205.3398,182.6039,14.6127,64.5601,-152.1164,8.7982,703.913,-240.8676,-46.0931,-684.4283,-684.4283,63.8546,17.6388
14/09/2020,-0.51043,0.23725,489.9658,90.2613,224.3066,374.0263,15.2403,38.6622,106.3499,58.6541,1333.969,-358.7526,-27.2586,-133.3154,-133.3154,63.1734,42.9186
15/09/2020,-0.51314,0.24613,576.3063,141.8278,389.7724,237.2073,55.3283,11.8299,6.3067,158.8556,1311.753,161.9329,-20.6593,504.255,504.255,47.8903,44.7036
16/09/2020,-0.52129,0.23325,562.0684,114.4619,258.2421,207.5179,45.0239,5.367,42.8765,91.4791,798.9905,234.8816,-48.1152,420.0151,420.0151,75.433,33.152
17/09/2020,-0.51843,0.22738,586.7152,-87.4291,170.0789,87.9876,39.1874,56.6035,96.1239,191.0025,756.7791,-590.8793,-34.1693,-447.5593,-447.5593,33.2629,35.3876
18/09/2020,-0.52186,0.22538,381.9049,75.2653,-63.3289,-0.5014,29.6702,27.2931,133.4406,32.6882,526.178,-408.3282,-34.1693,-233.6589,-233.6589,33.0654,-41.2142
21/09/2020,-0.51729,0.22325,304.8767,-160.4363,165.0352,-253.3367,31.7784,26.1615,675.3376,2.2491,-68.0115,-1380.161,-109.25,-2025.871,-2025.871,36.6058,-89.5693
22/09/2020,-0.51914,0.2225,412.502,4.8219,242.5309,-45.6552,-5.2105,37.7205,283.7283,-214.4231,557.7229,-1725.384,-13.6634,-1628.698,-1628.698,36.1016,-20.6859
23/09/2020,-0.51843,0.225,51.4243,-205.8956,160.3117,-272.287,-78.0386,149.4538,-126.3293,32.5793,-285.0066,-639.5329,6.3695,-626.7706,-626.7706,-76.2472,-217.979
24/09/2020,-0.51671,0.23325,-267.7642,-102.3123,299.1504,-20.7795,-21.4246,12.6275,24.7748,90.4419,-26.6489,-603.0816,-13.3559,-699.7637,-699.7637,-107.5863,-108.3189
25/09/2020,-0.51329,0.21788,250.0509,-123.3348,179.229,208.6242,31.217,31.1393,87.5614,-6.4008,372.9192,-51.8516,-13.5886,119.9666,119.9666,19.5741,-28.6324
28/09/2020,-0.51657,0.22038,491.896,53.163,557.0102,136.0356,123.4346,93.7013,49.0345,114.4922,1216.133,218.0666,-31.9269,568.0636,568.0636,53.9444,-8.7102
29/09/2020,-0.51157,0.22513,259.9954,-174.7378,288.1937,317.4463,45.7587,430.6926,181.45,47.9052,977.7378,-377.1264,-31.9269,-269.6431,-269.6431,109.3659,17.4067
30/09/2020,-0.51971,0.23388,451.8959,-79.2836,-222.6593,503.2738,92.21,17.1128,515.6172,-530.3351,601.0903,590.6089,-13.7899,817.9237,817.9237,99.2107,51.8778
01/10/2020,-0.52529,0.234,392.1661,-84.2168,432.9935,807.1896,177.8205,52.671,103.719,274.4293,1811.567,405.381,14.0204,654.5968,654.5968,36.8745,51.8778
02/10/2020,-0.52771,0.2335,824.5352,359.0951,518.717,375.8355,101.0175,-9.1671,1033.265,308.8271,2704.409,687.571,14.0204,1127.62,1127.62,71.881,130.8396
05/10/2020,-0.52857,0.22025,249.3785,212.6551,471.4451,514.869,119.6784,0.9398,-192.3159,59.912,1628.276,976.9167,14.0134,2131.006,2131.006,32.382,50.347
06/10/2020,-0.52657,0.22975,98.7368,36.2254,-77.7775,-101.1232,114.6319,-121.1275,106.682,22.3356,129.0778,1169.126,13.9466,1207.127,1207.127,114.9509,50.8839
07/10/2020,-0.52057,0.2295,-477.6146,117.581,-520.656,567.4934,91.9661,38.9568,-7.3136,18.8242,1222.599,348.2947,4.9852,1016.878,1016.878,102.3438,48.2271
08/10/2020,-0.51986,0.2205,559.9334,-17.3179,134.768,6.8505,91.7905,820.238,-18.0188,75.6183,1376.679,282.2364,12.0966,350.6414,350.6414,118.1602,30.5674
09/10/2020,-0.52286,0.22413,336.0674,46.1589,381.0696,589.6901,35.2739,60.5309,90.8221,26.5985,1243.289,249.893,12.0966,681.1036,681.1036,45.8195,44.5208
12/10/2020,-0.52743,0.22888,369.4342,82.2912,127.026,141.4425,118.5421,10.806,26.829,10.154,599.8231,11.3642,12.0966,152.2206,152.2206,19.3655,8.735
13/10/2020,-0.53014,0.23688,465.9986,-167.6415,-65.6595,282.1599,87.8051,390.9879,253.7251,-47.5451,983.0839,218.719,14.4337,324.7793,324.7793,57.1857,21.9282
14/10/2020,-0.52929,0.23013,540.7152,-35.8159,-563.6598,270.0795,-13.6629,167.0213,151.1083,61.8997,435.211,-374.1304,14.4337,-188.846,-188.846,-201.8548,15.3126
15/10/2020,-0.53229,0.21775,920.9368,-125.2058,144.4119,-178.1046,32.5366,16.218,1045.596,64.6458,1705.017,-74.2971,14.4337,195.7005,195.7005,188.6033,15.2672
16/10/2020,-0.54029,0.21838,481.5832,-47.8908,249.0401,349.9206,-10.4853,17.5174,-32.8349,62.4669,1057.388,131.4507,-14.3333,581.4332,581.4332,57.6968,4.4607
19/10/2020,-0.53586,0.20863,128.1606,74.106,172.4439,9.7183,3.3395,13.4935,-1.2099,106.9231,265.3597,-260.9126,-14.3333,-266.0708,-266.0708,36.6145,-3.0206
20/10/2020,-0.53314,0.21575,217.1839,17.9588,283.0834,182.9375,1.6751,5.2765,195.9125,55.6018,755.4493,99.0121,14.2752,475.7053,475.7053,19.6399,10.9417
21/10/2020,-0.51971,0.20913,449.1009,-0.9535,31.0465,-338.9615,-28.9501,44.8265,385.4673,68.5334,703.606,-147.4752,14.2752,85.9537,85.9537,36.3302,-11.8584
22/10/2020,-0.53071,0.21475,244.8597,-358.7967,174.3692,-471.3317,24.5863,48.3065,367.0505,104.3357,122.9761,-725.1464,14.2752,-564.6822,-564.6822,50.5937,2.4574
23/10/2020,-0.52686,0.2165,352.5442,-11.6692,231.8339,221.8116,35.2811,170.2928,13.0263,126.1742,945.6652,156.9286,-21.5192,554.3027,554.3027,-26.9605,-45.598
26/10/2020,-0.52771,0.22225,311.5316,-22.574,115.4899,-120.0563,13.8641,22.1196,88.6194,42.6854,582.8238,-1058.943,-21.2984,-868.1796,-868.1796,56.4719,-84.605
27/10/2020,-0.53043,0.21325,314.0567,9.7441,95.3334,140.7187,1.6066,328.8854,71.5989,70.955,1090.871,-1113.864,-21.2984,-792.9243,-792.9243,-69.3394,-159.6551
28/10/2020,-0.52557,0.21438,331.3545,-33.1215,338.661,-494.3863,-53.2018,5.2094,-141.2686,10.9504,-423.9999,-849.2643,48.8294,-1713.377,-1713.377,39.696,-51.6125
29/10/2020,-0.52957,0.21438,237.4568,9.2743,269.5444,-199.9397,-24.8863,72.294,-30.7224,64.2025,474.0329,-1342.421,-28.7809,-1034.048,-1034.048,14.3647,-68.9911
30/10/2020,-0.52971,0.21575,107.1868,-167.9938,-159.605,169.0935,-38.858,310.4,-43.4577,33.5922,5.0765,-762.4777,-103.169,-820.4282,-820.4282,-34.7019,-25.8793
02/11/2020,-0.53529,0.22013,-75.1215,-44.3634,246.6331,277.295,-54.0664,78.2865,-632.1199,86.0137,-1773.783,679.4115,-13.7941,-1062.915,-1062.915,16.6403,51.9559
03/11/2020,-0.535,0.22475,-15.5223,184.4508,14.8787,225.2187,80.3412,12.1815,194.16,227.7567,763.9093,960.0608,-13.7941,802.3709,802.3709,127.3742,80.5257
04/11/2020,-0.54486,0.23225,205.1121,13.5485,294.5621,535.0704,123.7832,50.8203,-58.1336,135.3404,1002.238,1823.813,5.091,2614.18,2614.18,150.8824,13.3175
05/11/2020,-0.53657,0.213,366.8557,-178.9262,73.2175,-213.4597,9.6015,22.032,-439.3968,155.4875,159.111,1003.741,118.0006,1812.078,1812.078,132.507,2.182
06/11/2020,-0.53843,0.20588,-207.3104,-4.9717,-122.3646,-37.1959,-14.2634,330.06,-353.8268,111.1949,70.0582,183.5581,73.5121,491.6282,491.6282,163.3716,115.262
09/11/2020,-0.54143,0.205,732.2862,-239.2626,-69.4294,6.2336,123.8916,41.4372,-5.0233,155.8412,923.6245,1149.024,44.9707,1646.279,1646.279,191.2744,51.6494
10/11/2020,-0.53686,0.21363,45.8141,-298.4272,57.1763,-462.7296,68.9391,258.864,-116.4503,-147.3353,-974.7522,-486.6001,28.7167,-1256.93,-1256.93,87.0785,15.4578
11/11/2020,-0.53857,0.22063,322.2,-25.1795,127.1321,111.5871,35.1038,258.864,28.1508,4.4696,441.11,19.0173,28.7167,147.7229,147.7229,21.3834,-4.3987
12/11/2020,-0.53286,0.221,52.971,-89.0894,-68.345,-638.1683,31.4755,5.3059,-70.1082,51.5994,-592.4701,-1032.635,21.8793,-1413.367,-1413.367,210.2584,24.3704
13/11/2020,-0.53857,0.222,433.1066,-61.461,295.594,620.4133,214.8646,12.9562,131.3594,49.2275,1658.161,369.5172,29.3282,1104.225,1104.225,50.7548,24.3927
16/11/2020,-0.53971,0.22038,463.2326,102.8823,12.5165,232.9672,199.1859,444.7374,108.7893,104.9868,1389.976,142.0071,36.8369,457.3055,457.3055,178.6289,39.7912
17/11/2020,-0.54629,0.231,430.4149,59.24,86.9761,286.0941,54.9608,17.1945,-49.5782,-71.3834,1028.973,893.9615,22.2509,1571.069,1571.069,98.7969,6.5545
18/11/2020,-0.54543,0.22375,382.6459,-40.8778,285.0925,642.4817,47.843,495.405,-204.4748,84.8631,1796.524,569.9922,-14.8332,1451.768,1451.768,124.7319,11.0016
19/11/2020,-0.54329,0.21263,377.3213,-215.6314,363.3722,-322.102,43.2868,1.205,-120.8045,-6.0852,403.4294,142.1299,-2.2199,1031.805,1031.805,143.0244,32.0185
20/11/2020,-0.54386,0.20488,243.9024,-95.1696,-267.5258,-1176.188,42.0814,1.205,-137.872,58.8088,-1099.433,-573.3003,-2.2199,-642.0149,-642.0149,159.3685,2.2515
23/11/2020,-0.54271,0.2065,627.2049,59.2059,245.1346,27.2056,32.7731,104.1183,-16.847,163.6781,854.1283,438.3377,23.0271,648.1942,648.1942,32.5448,50.8719
24/11/2020,-0.54814,0.23225,534.2412,-316.7521,58.436,34.9686,38.9418,12.0797,118.7866,97.7106,611.1748,759.0378,11.9462,944.4572,944.4572,124.3606,8.8158
25/11/2020,-0.54429,0.233,253.7459,-210.124,694.0752,114.265,51.5869,12.0797,-181.8059,30.3492,530.8607,-13.077,11.9462,126.8282,126.8282,58.9387,15.5901
26/11/2020,-0.54643,0.22438,253.7459,-210.124,694.0752,114.265,51.5869,12.0797,-181.8059,30.3492,530.8607,-13.077,11.9462,126.8282,126.8282,58.9387,15.5901
27/11/2020,-0.54529,0.22538,330.5101,46.0533,104.0758,7.1342,24.1877,69.899,-18.5846,34.0228,503.9432,-943.9456,11.9462,-936.0995,-936.0995,33.1364,-8.8221
30/11/2020,-0.55157,0.22763,164.4198,113.5723,-401.644,54.3635,32.7628,18.6615,694.7635,304.3899,1082.708,-97.3621,15.6127,172.8048,172.8048,180.2832,42.8249
01/12/2020,-0.55043,0.232,346.128,-67.4171,270.1827,-45.1029,124.7903,-192.3772,356.4425,164.1589,224.4323,439.335,15.6127,684.0703,684.0703,65.8245,55.434
02/12/2020,-0.54843,0.2305,854.5874,60.565,720.544,77.7946,35.979,2.704,48.0466,399.4344,1442.778,407.0991,24.6469,477.1969,477.1969,51.9811,42.1284
03/12/2020,-0.55414,0.22538,681.2026,62.4165,-56.5635,289.3815,70.2975,5.085,264.5171,97.863,736.9955,504.6323,24.6469,167.8152,167.8152,35.6182,33.6303
04/12/2020,-0.55286,0.22588,412.8353,-124.5121,88.8749,56.2885,26.4401,12.0401,148.1252,114.5424,140.2149,-111.0967,-15.8984,-694.34,-694.34,98.6138,39.8963
07/12/2020,-0.55614,0.23038,548.3056,-79.7485,-100.1912,241.2284,44.9191,12.0401,48.2106,236.8577,1086.988,-291.1497,32.1148,134.5912,134.5912,102.6204,28.9105
08/12/2020,-0.56843,0.23,573.2942,11.3537,85.6782,15.6003,67.1353,290.634,132.0121,-50.982,-289.3616,-546.0222,127.6682,-1822.257,-1822.257,179.2567,47.0595
09/12/2020,-0.56857,0.22063,524.9962,17.6059,49.0067,-59.1156,38.567,290.634,146.2272,276.0703,560.0624,-584.8001,127.6682,-966.0452,-966.0452,133.9076,125.7155
10/12/2020,-0.56443,0.2195,578.6765,-113.5104,90.3518,387.9698,58.6523,290.634,29.658,31.1166,928.9801,-28.264,127.6682,329.1919,329.1919,224.2546,66.6075
11/12/2020,-0.57229,0.2165,586.5242,-14.2346,97.7177,99.7081,42.2429,37.828,-36.5322,37.2674,-61.3655,36.8879,127.6682,-692.8916,-692.8916,95.7867,15.7822
14/12/2020,-0.56543,0.21925,713.0893,-56.0078,229.0513,-122.732,66.6238,104.5516,89.8444,69.9932,523.5314,-646.0716,16.1607,-630.9002,-630.9002,85.85,51.7423
15/12/2020,-0.568,0.22875,850.2119,41.4675,178.823,253.2626,79.0794,104.5516,283.8798,-62.4209,1389.956,348.2169,72.62,793.7255,793.7255,154.896,35.8284
16/12/2020,-0.56586,0.23638,653.4559,141.8124,124.843,125.6324,40.7402,166.0596,85.8978,144.518,1268.48,-488.3862,16.3111,-352.2875,-352.2875,108.7909,11.3569
17/12/2020,-0.56914,0.23863,441.2209,-76.8833,291.2267,-105.473,79.8989,-358.188,46.0891,65.1367,-3.1173,548.795,65.5985,659.7892,659.7892,230.776,25.7473
18/12/2020,-0.56829,0.23575,448.7641,-19.8118,51.2193,65.459,40.4915,-11.71,-11.8214,91.2066,-162.8042,-82.4503,32.8923,-479.2438,-479.2438,30.0485,44.7005
21/12/2020,-0.56829,0.24488,399.7648,-232.7384,268.6232,-716.9676,59.3027,-55.722,86.7882,47.1992,-395.7579,-316.7183,9.599,-617.5135,-617.5135,93.6663,4.5257
22/12/2020,-0.573,0.23813,-173.3296,151.4445,83.1208,241.1631,-25.3262,102.358,-289.2111,91.7501,67.9571,21.0176,9.599,184.6443,184.6443,95.2674,40.1606
23/12/2020,-0.57386,0.251,715.8849,-12.4755,599.7914,461.8531,10.1567,294.468,361.0563,98.7772,2132.554,678.6715,57.708,1250.079,1250.079,189.4518,18.781
24/12/2020,-0.56357,0.24013,581.8455,-10.099,352.868,319.6897,36.5197,96.4129,205.1415,109.7996,1357.507,186.1036,57.708,507.4071,507.4071,114.2115,-1.6
29/12/2020,-0.56186,0.25388,487.617,-44.4459,479.6125,190.9741,53.4392,30.8783,62.8388,90.7612,1094.482,-411.068,25.8356,-323.4537,-323.4537,132.5777,22.5931
30/12/2020,-0.56629,0.2375,591.3576,51.3933,580.0946,222.3137,31.9946,152.7296,-199.947,87.1396,892.752,380.7323,25.8356,675.432,675.432,39.1707,22.5931
31/12/2020,-0.56629,0.23838,446.6072,28.8162,251.1597,122.9899,63.7042,68.2203,15.42,165.8897,557.8966,42.7263,25.8356,55.8353,55.8353,46.9718,22.5931
04/01/2021,-0.56257,0.23725,-7.3835,-476.1078,122.62,36.2388,-0.4566,29.3845,48.1175,425.7071,-342.458,-554.1787,26.081,-1398.288,-1398.288,119.1045,127.0471
05/01/2021,-0.55943,0.23688,678.1367,92.3605,188.8499,360.5033,3.6435,5.0511,-203.089,70.5289,178.1444,102.4308,26.081,41.8589,41.8589,146.0951,231.7632
06/01/2021,-0.56671,0.234,504.2683,269.1679,90.4941,215.0887,42.9372,-42.3903,-153.6165,186.5921,1314.699,286.3818,19.494,753.4786,753.4786,246.7719,197.0619
07/01/2021,-0.56714,0.22475,449.1093,216.4841,304.2359,297.9344,25.2282,7.7235,-223.7049,302.6967,1154.528,191.9659,19.494,427.1179,427.1179,249.2654,296.27
08/01/2021,-0.57086,0.22438,360.5214,-44.4624,-170.2876,73.8166,6.6776,7.9598,-502.1776,169.7135,1.0407,166.3966,17.2801,242.6212,242.6212,68.1397,125.0305
11/01/2021,-0.56471,0.2245,401.5975,-121.2654,181.8229,396.8955,-61.5424,159.327,-1.1961,235.0342,407.057,-163.3404,17.2801,-595.883,-595.883,15.2839,25.7332
12/01/2021,-0.55914,0.23375,812.0411,108.9455,747.636,-428.0554,-97.585,1195.75,-34.9058,151.7368,2066.37,-834.5989,17.3536,-425.2998,-425.2998,129.3035,70.0378
13/01/2021,-0.55271,0.24125,557.6202,-112.9615,602.0141,750.1279,39.6184,476.3921,118.1241,322.7982,2747.585,109.4477,32.7078,1488.93,1488.93,91.923,61.4604
14/01/2021,-0.55314,0.22563,1236.207,165.1906,-85.0601,-18.5169,52.5234,100.5864,99.6132,180.9993,715.3314,326.8206,27.2688,-667.3056,-667.3056,174.3458,140.3527
15/01/2021,-0.55557,0.22338,2870.934,253.3939,-344.4882,194.2517,35.493,51.2665,-256.1646,168.9399,3219.483,-403.2955,32.5185,-485.3472,-485.3472,153.4666,57.5386
18/01/2021,-0.55529,0.224,2870.934,253.3939,-344.4882,194.2517,35.493,51.2665,-256.1646,168.9399,3219.483,-403.2955,32.5185,-485.3472,-485.3472,153.4666,57.5386
19/01/2021,-0.55386,0.22363,634.8226,41.1896,210.2215,535.665,24.7569,-136.6007,242.0319,77.8917,1332.359,-598.7272,32.5185,-605.9669,-605.9669,225.8018,117.6731
20/01/2021,-0.55157,0.22238,360.4945,18.86,98.3074,26.6726,35.0272,-189.4761,14.7969,161.4198,-479.2212,849.2059,-130.0008,286.9313,286.9313,156.6355,96.9661
21/01/2021,-0.548,0.21775,979.1809,169.9347,284.7542,306.5105,12.2058,31.1781,67.0037,66.0221,1790.01,200.6179,10.7721,705.5412,705.5412,232.7396,59.3263
22/01/2021,-0.545,0.21525,685.7464,-37.5361,227.5759,100.689,37.1296,19.448,-458.1539,248.4503,630.6825,119.862,8.7701,486.7945,486.7945,70.8192,-4.1658
25/01/2021,-0.55029,0.21288,400.007,-71.122,422.9561,-137.2074,20.2027,52.245,53.8101,80.7609,-44.2325,-842.9178,-17.5369,-1069.159,-1069.159,182.7521,0.3114
26/01/2021,-0.54557,0.2185,462.4006,-48.8476,179.837,321.5983,8.0469,55.904,266.112,253.6208,1073.351,-863.6434,8.6768,-816.6315,-816.6315,165.7888,-30.0632
27/01/2021,-0.54171,0.2115,396.1063,-122.2642,485.3831,332.7536,-59.1472,51.0054,8.9781,137.0206,1406.987,-402.8771,126.945,-245.6857,-245.6857,174.4403,18.1009
28/01/2021,-0.54329,0.205,611.8299,-142.7497,139.1334,125.7757,-35.5914,150.9919,61.6789,156.0607,1105.606,1137.679,-8.575,1410.406,1410.406,130.0557,-136.5628
29/01/2021,-0.54343,0.20188,404.5676,-53.0745,-339.9798,87.2337,-83.0119,33.8188,56.0048,77.6668,-960.058,407.1861,-186.103,-642.3663,-642.3663,37.3555,-26.4297
01/02/2021,-0.54329,0.1955,542.2353,165.8222,163.5389,492.5638,26.5337,53.578,99.6815,107.6807,1371.501,122.7434,-186.103,261.3394,261.3394,129.4457,92.4442
02/02/2021,-0.546,0.19225,434.6397,114.2096,399.779,572.3113,-1.0642,15.453,-82.1215,-27.9239,1449.003,1057.863,54.3599,1821.179,1821.179,131.2274,127.6335
03/02/2021,-0.55814,0.19513,498.7978,86.646,220.8893,416.3671,-35.1737,4.7385,-261.6706,-57.883,221.6528,396.5426,59.2597,121.2263,121.2263,41.3953,79.8081
04/02/2021,-0.55729,0.19263,572.5803,177.8902,186.2883,371.537,-30.0745,-5.5044,197.1732,72.058,726.8401,360.9535,26.6846,114.8874,114.8874,89.0086,187.6738
05/02/2021,-0.55429,0.19088,429.0558,112.4632,439.5133,132.2313,21.3707,10.9045,16.5438,148.1296,1044.401,202.3775,26.9434,514.9362,514.9362,122.7819,138.1096
08/02/2021,-0.53786,0.19538,468.6429,105.1449,103.7738,0.5149,12.4886,112.6714,-664.3313,167.4007,-428.4991,133.1703,45.3542,-440.3457,-440.3457,146.11,104.4695
09/02/2021,-0.544,0.2025,694.5374,39.3188,291.3136,175.0305,0.1264,105.8865,251.7015,357.1794,1466.177,-505.847,19.9259,-368.6044,-368.6044,154.0734,81.5984
10/02/2021,-0.54643,0.20088,566.6203,182.6206,91.2325,355.9612,-61.5103,170.127,-335.5735,161.3282,738.6906,-1286.36,-9.1078,-1062.967,-1062.967,172.0813,108.1514
11/02/2021,-0.55014,0.19763,392.3569,48.8403,148.9223,-192.6796,-92.6285,3.6545,88.6971,417.7964,-418.3637,397.9199,81.4432,-917.1305,-917.1305,162.5448,47.5265
12/02/2021,-0.55043,0.19375,246.072,81.7876,229.2413,82.7945,-123.7853,0.9085,-363.7856,65.8003,158.8104,100.6351,17.5375,167.9602,167.9602,117.0548,59.025
15/02/2021,-0.55129,0.1915,246.072,81.7876,229.2413,82.7945,-123.7853,0.9085,-363.7856,65.8003,158.8104,100.6351,17.5375,167.9602,167.9602,117.0548,59.025
16/02/2021,-0.54714,0.18863,471.7582,14.0304,389.5561,187.8894,-98.2955,349.3105,-475.6041,187.5917,45.5139,-191.3204,17.5375,-907.4763,-907.4763,16.7624,42.8578
17/02/2021,-0.54771,0.18138,286.1111,-1.8542,75.9104,-67.6206,-74.667,110.5473,-470.9847,308.4178,-83.7709,-578.4857,229.093,-875.7905,-875.7905,-136.161,39.4109
18/02/2021,-0.55129,0.18238,443.3771,52.8311,128.7375,-92.7814,-49.6984,15.607,7.6983,54.1865,-771.0551,44.5891,19.8814,-1171.802,-1171.802,-99.9288,42.862
19/02/2021,-0.54971,0.17525,128.0121,-39.5466,295.4984,-89.2583,-48.283,20.8036,-79.0495,158.9703,251.396,-51.7939,-117.404,80.0496,80.0496,-42.632,30.0427
22/02/2021,-0.54657,0.1755,-221.4242,104.2727,263.5332,-483.0888,-43.2563,7.689,68.1905,206.6746,109.2154,325.7716,8.1089,599.9004,599.9004,-82.886,28.9722
23/02/2021,-0.55,0.1875,444.6545,-14.3209,188.0617,146.2771,-59.3968,23.4078,-68.4649,192.6859,173.9781,-1190.525,-124.223,-1647.493,-1647.493,-40.5729,9.8233
24/02/2021,-0.55429,0.18975,315.6498,-73.8947,755.3326,126.5307,-123.962,89.1647,123.1135,71.6317,1326.438,509.5591,187.431,744.1583,744.1583,30.3913,-50.5096
25/02/2021,-0.55271,0.1905,31.2095,-158.1579,41.7887,-376.405,-86.8112,167.2138,67.4402,193.3101,-12.2191,-31.1756,187.431,231.8611,231.8611,91.1555,-32.7313
26/02/2021,-0.55171,0.18838,461.7735,-21.9719,-487.3709,216.018,-91.5412,125.0469,380.4161,340.1185,1801.753,393.7709,-173.994,743.7019,743.7019,51.2647,51.614
01/03/2021,-0.55114,0.18425,189.6131,69.4574,303.1851,302.7998,4.2234,-34.9016,26.1515,249.2763,683.2989,912.5582,8.8975,1172.923,1172.923,5.4686,34.3872
02/03/2021,-0.55129,0.18338,-390.0708,79.5322,194.7244,402.9905,-19.8507,-188.951,303.8315,-737.3203,-349.9608,306.207,8.7835,801.9845,801.9845,110.5958,-51.126
03/03/2021,-0.551,0.19375,-639.4766,-37.2343,245.7723,108.6411,14.4031,3.7929,260.9035,43.7047,143.3024,-272.3867,38.8044,14.71,14.71,48.7922,10.8654
04/03/2021,-0.55,0.1755,105.9017,54.6595,152.6265,-1387.287,36.8116,1.1902,-14.1518,259.1237,-404.4219,-1107.121,9.904,-1632.871,-1632.871,45.9389,-6.1717
05/03/2021,-0.54829,0.18538,119.1905,310.9363,273.008,-888.568,26.5894,70.2225,350.7555,43.2668,-969.029,-828.282,-200.163,-2059.376,-2059.376,28.7822,27.0656
08/03/2021,-0.55086,0.1825,-351.8039,-61.5391,-330.0828,-342.8493,56.7974,6.4772,35.4332,47.1551,-682.6392,-808.3425,-8.1796,-1062.324,-1062.324,54.6055,-21.6783
09/03/2021,-0.55,0.17725,403.4195,1.2765,76.8389,476.7529,30.6386,80.1984,104.9242,-108.5778,1142.521,-623.5123,-8.4343,-120.9519,-120.9519,94.2037,54.5889
10/03/2021,-0.55086,0.18413,246.1056,32.5479,457.0765,140.7162,83.7375,18.6937,-22.875,264.3444,87.6226,2299.028,-166.2952,1988.734,1988.734,139.2815,108.3426
11/03/2021,-0.55014,0.18388,647.6743,72.294,256.52,641.1567,65.6807,29.0703,187.0934,133.8697,1986.939,1031.845,27.531,1760.881,1760.881,122.6047,92.825
12/03/2021,-0.54886,0.1895,-52.8903,-33.8951,-86.2209,-301.7252,46.661,24.0525,-21.3114,60.6038,-237.2764,-614.5021,-8.6183,-488.9739,-488.9739,-60.4332,39.8349
15/03/2021,-0.54943,0.182,330.6529,-96.4032,334.8537,136.5544,16.5018,25.3379,126.4044,80.4536,380.2108,-260.8019,-8.6183,-246.5274,-246.5274,-5.4483,36.6694
16/03/2021,-0.54957,0.19,388.2658,23.1273,34.973,74.6919,75.334,10.3988,-89.8473,-67.8856,258.3136,-317.8733,25.8487,-458.341,-458.341,-21.1916,47.4271
17/03/2021,-0.54686,0.18963,486.5045,-34.987,339.8617,-137.4457,37.8725,23.9971,-21.5901,43.4312,392.761,884.2056,25.8487,828.2159,828.2159,34.5678,46.351
18/03/2021,-0.54586,0.18663,291.2991,142.3125,238.7537,325.8802,23.0615,28.5783,-290.1045,326.6158,338.1622,-21.448,-37.3513,-196.8833,-196.8833,41.7964,2.426
19/03/2021,-0.545,0.19688,214.8432,22.509,178.8796,51.3564,-25.9448,6.4275,-37.7429,317.1708,105.2437,-930.3358,-37.3513,-1281.047,-1281.047,47.2105,14.1546
22/03/2021,-0.54286,0.1905,482.852,55.7217,5.3912,278.6181,19.0881,6.4275,265.1652,55.6317,450.3919,-267.1691,-25.4114,-403.4549,-403.4549,94.0146,-6.1545
23/03/2021,-0.54871,0.20063,289.3792,50.0343,578.6471,342.8898,45.3354,5.1972,184.3665,125.4183,447.3073,-290.643,58.5035,-878.9436,-878.9436,111.4065,20.4826
24/03/2021,-0.54886,0.19513,327.0076,126.2714,299.9589,621.2707,106.1928,5.15,236.1519,74.5062,2153.349,476.439,17.7689,993.8083,993.8083,80.1042,-46.0905
25/03/2021,-0.54914,0.193,-78.2572,108.9195,535.751,298.9389,39.3756,93.5588,-73.8446,222.4571,624.4805,3.0512,-96.0429,-9.5266,-9.5266,77.4444,43.0324
26/03/2021,-0.54971,0.199,244.0541,58.8345,209.6725,261.6263,32.8247,65.2312,129.1766,76.9144,566.3229,396.56,8.2429,479.429,479.429,45.5797,34.3437
29/03/2021,-0.54971,0.2025,455.0296,36.5023,728.0094,149.9237,22.0814,50.1045,-69.664,150.4299,888.3334,425.5003,123.0015,423.5444,423.5444,12.9215,11.93
30/03/2021,-0.55043,0.20163,548.8965,306.5911,445.5096,39.7512,68.4032,47.3998,-3.1676,192.4863,1422.24,-35.6148,-12.5855,520.8516,520.8516,43.0339,6.6477
31/03/2021,-0.54971,0.19425,152.7524,-46.8575,466.8823,991.1289,85.9532,8.0144,98.0011,72.5866,1237.726,896.9871,-124.905,1738.791,1738.791,107.4926,49.2785
01/04/2021,-0.55,0.19975,398.2818,55.1653,230.2723,267.4697,169.907,21.4219,-134.4413,376.7204,-795.6141,945.3609,-124.905,-901.1111,-901.1111,80.257,122.3657
06/04/2021,-0.55,0.19738,574.9139,-335.1758,248.8156,367.3425,155.3658,-23.2464,180.0051,122.7472,881.9546,813.9194,8.5542,1132.608,1132.608,73.2002,53.2325
07/04/2021,-0.54571,0.19363,517.784,20.3128,-25.4096,31.5958,77.863,-37.1462,16.56,155.4843,182.8181,-5.3863,35.4834,-758.9141,-758.9141,166.6017,74.8715
08/04/2021,-0.54471,0.18775,514.5664,28.4667,400.5024,258.8031,42.5133,-57.361,66.3485,106.5874,1082.388,643.2826,8.5784,1137.106,1137.106,143.5552,65.8217
09/04/2021,-0.54443,0.1875,721.6332,-33.2927,80.3174,-27.9334,37.6717,-103.149,1.8649,116.355,1553.722,-652.116,-1.5161,300.8363,300.8363,95.2793,68.3676
12/04/2021,-0.54486,0.18575,606.8805,99.519,288.6951,342.8564,55.5833,17.2565,-275.8986,206.1682,1092.846,-690.5446,17.1147,-299.8438,-299.8438,65.295,127.2896
13/04/2021,-0.54671,0.18375,219.9536,235.5596,277.4806,407.7672,36.6607,79.75,45.7852,346.3118,1345.209,702.9301,-8.6314,958.6822,958.6822,48.0116,224.7312
14/04/2021,-0.54486,0.18363,557.5061,-63.4026,49.793,332.8187,60.4766,40.0142,106.8581,189.0002,1453.847,811.7167,17.1525,1556.036,1556.036,-14.3109,129.7322
15/04/2021,-0.54471,0.18975,407.1401,15.43,361.269,49.4878,16.6004,14.4557,-18.5745,241.8327,572.3947,554.4639,17.1525,211.9017,211.9017,190.3097,52.6825
16/04/2021,-0.54471,0.18825,334.1978,15.279,649.3443,67.6117,96.1177,7.891,-24.8137,205.7595,1038.583,103.2026,18.7167,302.2259,302.2259,104.8404,17.9659
19/04/2021,-0.54457,0.186,165.4476,55.7132,741.7618,525.5497,14.1435,4.3246,-132.8197,61.8055,1418.262,-1244.431,8.5216,-917.9729,-917.9729,122.9753,46.2912
20/04/2021,-0.545,0.18375,545.5469,158.9483,875.1508,60.988,49.8009,21.1946,-74.605,104.836,1271.212,-48.0403,-101.067,289.5854,289.5854,11.5283,91.9936
21/04/2021,-0.54386,0.17288,140.7368,78.5422,960.0118,29.8303,35.54,26.5459,-152.9981,55.7736,1572.579,663.8742,-17.0288,1551.237,1551.237,36.3676,91.7022
22/04/2021,-0.54586,0.17575,632.2103,144.2668,732.0162,-22.7019,108.9074,70.8878,63.6802,130.0521,1284.911,494.6022,11.1206,328.7988,328.7988,194.0454,103.7253
23/04/2021,-0.54329,0.18138,306.3603,166.9558,473.1437,257.4651,28.4915,74.1007,-542.7526,13.5216,869.7045,285.0263,11.1206,1204.154,1204.154,116.7526,124.9294
26/04/2021,-0.54314,0.184,154.9437,37.8394,334.335,276.6603,43.4851,120.1847,-164.7739,108.5947,1143.51,389.3258,145.9209,689.2729,689.2729,133.849,85.2566
27/04/2021,-0.54257,0.17713,471.653,13.9267,634.4283,818.2159,20.3468,621.2015,-183.7827,-503.3849,1160.141,-166.489,115.5946,-51.2004,-51.2004,385.5147,5.2076
28/04/2021,-0.54271,0.1855,319.655,52.7242,440.6998,438.8798,33.047,120.0861,-548.3989,347.6859,456.7151,-999.0521,95.6487,-1472.423,-1472.423,17.3412,41.819
29/04/2021,-0.54243,0.17563,408.8702,33.3389,423.0671,500.0775,24.0934,42.9792,-20.2097,4.4912,651.3729,1.8395,18.9324,457.6854,457.6854,0.8408,23.5149
30/04/2021,-0.54371,0.17638,526.4653,4.0943,-432.0832,450.1631,60.2227,50.9875,466.5246,-455.6828,554.1468,146.1714,-94.1138,363.7939,363.7939,92.553,72.564
04/05/2021,-0.54343,0.17538,175.5548,-125.0235,147.2643,-325.4311,96.3812,-42.9011,-475.6908,441.0479,-929.225,-622.483,-163.7081,-1068.939,-1068.939,-6.1685,52.5952
05/05/2021,-0.54229,0.16988,564.7063,62.1642,137.778,-53.1157,22.2697,1.1862,266.1658,34.1171,800.5008,212.8629,-25.001,250.0014,250.0014,1.0883,113.0461
06/05/2021,-0.54243,0.162,263.5492,37.3704,126.9581,94.6577,28.793,-29.493,-159.7839,170.8951,329.8043,64.3426,-132.3469,196.7426,196.7426,47.348,34.5221
07/05/2021,-0.541,0.15988,260.6477,-31.8368,343.4329,336.6187,41.3411,-12.2949,544.8093,557.7318,1235.697,-161.2754,-4.9402,-292.7373,-292.7373,86.6309,46.8085
10/05/2021,-0.542,0.1675,283.4796,91.5533,369.0991,-425.2652,4.4725,-12.2949,-119.6785,131.8008,213.9747,-382.5858,-19.114,-557.9848,-557.9848,135.5244,49.4396
11/05/2021,-0.54429,0.16025,176.8719,123.071,406.605,119.8965,-35.445,27.4234,189.4506,192.1557,787.3661,-453.4718,-67.046,-117.1539,-117.1539,4.3502,23.212
12/05/2021,-0.54543,0.15413,360.8379,274.8878,121.462,-271.3626,-72.7784,23.5112,-59.9549,206.2435,657.5019,-124.1392,-26.7553,-406.9155,-406.9155,12.2307,73.544
13/05/2021,-0.54671,0.15588,396.216,81.8609,230.8163,-9.0178,32.2266,11.6421,-237.1208,331.4418,854.9003,-765.4287,-10.4428,-365.6951,-365.6951,28.1482,37.7561
14/05/2021,-0.54743,0.15513,446.3342,-16.806,423.1614,8.8655,-0.8482,11.7962,493.3916,109.3956,1423.999,572.055,-97.6581,946.4217,946.4217,111.5973,74.2754
17/05/2021,-0.54529,0.14963,468.0992,198.8603,356.6217,13.732,15.8893,26.6553,-158.8028,60.0016,668.9149,689.2145,8.1315,679.3481,679.3481,-7.4421,30.4087
18/05/2021,-0.54514,0.15525,488.4823,182.7713,513.7524,-24.5633,7.8426,32.443,364.3692,229.9475,730.2336,1095.409,-50.2194,718.6212,718.6212,37.3697,6.8884
19/05/2021,-0.54429,0.14925,-60.9631,84.1735,382.7279,53.1171,11.3957,19.7016,-170.8774,151.6629,674.9906,-464.2926,-50.2194,-518.4864,-518.4864,51.1212,17.7768
20/05/2021,-0.54614,0.15013,381.6041,-52.2242,726.6778,481.951,35.5946,47.0865,252.6947,146.1957,337.6293,454.7205,14.0087,-422.1638,-422.1638,33.6997,60.182
21/05/2021,-0.54757,0.147,305.4552,54.1689,289.727,166.1919,78.2825,110.1008,-428.0676,208.6937,520.5626,242.8756,8.2312,582.2818,582.2818,55.3228,17.8319
24/05/2021,-0.54729,0.14088,274.0857,-47.692,217.4234,-50.1874,35.7431,97.9633,-95.0919,63.1647,434.519,493.2782,74.8119,598.8014,598.8014,43.1263,11.6857
25/05/2021,-0.54686,0.1385,186.8021,65.0326,253.4542,176.7479,40.737,88.4589,-53.1714,155.9679,705.8649,249.2508,108.0425,343.4621,343.4621,72.1827,44.027
26/05/2021,-0.54386,0.135,312.3345,44.665,729.7012,40.6008,39.2318,129.1205,-81.4706,44.9491,813.7285,239.2837,71.5883,19.5549,19.5549,105.3946,39.5266
27/05/2021,-0.543,0.13463,770.9779,35.8805,514.7737,440.7053,33.7615,37.7449,-16.941,263.1509,1077.311,354.9206,-109.569,497.3541,497.3541,47.6537,14.1825
28/05/2021,-0.54486,0.13138,446.8038,-18.437,-353.5942,224.4524,44.2064,24.8063,255.3811,101.4108,-156.4894,-470.0257,-109.569,-1028.545,-1028.545,11.5698,15.8111
01/06/2021,-0.54429,0.1285,180.2326,86.0069,403.0621,331.6354,99.2849,-12.9353,66.1506,338.3896,1052.996,209.7451,26.7323,473.3243,473.3243,141.4538,91.4791
02/06/2021,-0.54486,0.134,-222.9899,175.7886,418.6835,205.3259,78.3087,-24.2134,295.7236,193.1622,-274.2082,477.6085,16.8726,-66.7165,-66.7165,203.5005,119.5372
03/06/2021,-0.54543,0.13075,246.7997,125.7306,251.7432,-197.0047,42.2789,-127.2067,55.2797,203.5752,-188.8435,141.6137,16.8726,-367.0808,-367.0808,87.7291,109.9794
04/06/2021,-0.545,0.12825,316.013,126.3839,14.6697,187.2815,30.5063,-48.5841,15.2874,252.8961,1042.821,-943.5225,16.8726,-883.8931,-883.8931,163.3073,92.0963
07/06/2021,-0.54771,0.12313,430.8354,114.5078,363.0269,299.3648,19.9891,-20.0513,147.2087,169.6219,1151.045,535.0585,16.8726,558.7067,558.7067,246.5665,102.3886
08/06/2021,-0.54771,0.128,731.2,117.6287,347.7387,-41.3443,43.9786,12.356,-147.4916,-34.2697,854.8646,121.7099,16.8955,169.5116,169.5116,48.6623,89.1947
09/06/2021,-0.54786,0.12475,284.9437,141.9951,188.6162,64.5937,52.3065,56.9995,169.1263,183.6122,537.1537,-985.1203,27.0333,-1514.481,-1514.481,170.9545,63.3802
10/06/2021,-0.549,0.119,335.9872,6.2773,481.4144,232.1425,22.3754,24.0921,392.5912,267.3765,1626.363,561.2884,42.4195,1141.329,1141.329,292.3495,69.8962
11/06/2021,-0.55114,0.11888,295.0874,22.9703,398.9605,-177.3971,22.3485,71.4105,291.1305,151.3484,877.3768,16.7675,2.559,72.3793,72.3793,168.1232,6.9303
14/06/2021,-0.55,0.118,261.1263,100.5945,43.7677,40.0354,51.8979,19.5546,130.7412,137.1442,591.6687,-539.6861,25.6668,-466.8161,-466.8161,24.416,20.7231
15/06/2021,-0.54814,0.12475,332.9824,74.7129,-550.219,36.3391,53.0126,43.821,130.1794,26.8267,87.7369,-1051.564,25.6668,-807.4808,-807.4808,161.7391,43.839
16/06/2021,-0.54914,0.1245,165.5321,66.7209,41.0701,440.0438,48.6845,33.8885,128.6457,-39.7542,1236.849,-24.5728,-16.9624,572.5676,572.5676,59.2175,46.5753
17/06/2021,-0.54786,0.1345,416.4265,50.9763,139.5764,309.3599,69.2382,190.5561,100.7761,79.6094,1217.864,191.4601,25.634,423.7547,423.7547,195.3631,-0.3203
18/06/2021,-0.54857,0.13488,236.2604,-57.4024,364.767,54.0025,26.1332,147.1959,378.0832,105.4807,-173.9482,167.0411,-8.5265,-956.5211,-956.5211,189.6072,-25.7376
21/06/2021,-0.54843,0.13788,241.1513,51.4733,-13.6112,136.2791,29.7208,101.9569,-479.8522,-32.7898,-373.9838,-164.2666,-8.5265,-590.4885,-590.4885,104.4986,55.8035
22/06/2021,-0.54457,0.13375,125.3619,-75.9618,211.6844,-171.0866,91.7762,9.215,298.5996,-221.4539,384.5135,260.3139,-8.5265,373.8858,373.8858,26.633,43.2458
23/06/2021,-0.544,0.14725,234.2453,74.345,569.6939,119.9159,51.7513,79.2937,201.1535,280.6889,1349.957,918.9531,-63.3677,1495.546,1495.546,50.0098,27.8322
24/06/2021,-0.54214,0.146,311.2039,52.6105,240.6741,73.9768,12.4104,18.076,48.4261,459.3642,851.777,427.9632,-63.3677,532.846,532.846,87.7396,27.8371
25/06/2021,-0.54614,0.146,819.0953,190.0661,386.7684,119.6725,24.292,5.176,222.5855,143.6876,1651.465,370.2914,11.8393,686.0653,686.0653,85.4401,69.4229
28/06/2021,-0.55186,0.14725,339.2063,124.6805,422.4298,493.9041,59.95,5.2993,36.7789,-44.3705,1083.173,30.961,191.968,151.0489,151.0489,-52.3999,53.2287
29/06/2021,-0.55,0.14488,409.6868,387.9365,287.9657,112.0485,36.9455,-48.9705,104.1618,-36.5573,916.1495,487.1993,191.968,914.0456,914.0456,114.7349,59.8372
30/06/2021,-0.55114,0.14575,497.7724,67.9852,-226.4911,29.5488,81.7403,9.4679,331.0103,136.5143,-171.8361,177.2237,-171.8446,-576.6776,-576.6776,122.0636,88.0013
01/07/2021,-0.54771,0.14475,388.7349,47.9888,175.8385,-381.8212,61.1018,14.4554,270.6972,-43.9801,282.1403,348.8955,11.26,684.2812,684.2812,72.8926,48.8928
02/07/2021,-0.55243,0.13788,286.8977,-1.8819,-38.6027,-149.6247,86.8515,9.168,209.437,197.8892,443.0634,-68.3667,2.5861,-370.2117,-370.2117,54.0794,11.9701
05/07/2021,-0.54557,0.138,286.8977,-1.8819,-38.6027,-149.6247,86.8515,9.168,209.437,197.8892,443.0634,-68.3667,2.5861,-370.2117,-370.2117,54.0794,11.9701
06/07/2021,-0.54671,0.13488,354.5948,45.8065,-91.1523,217.0008,102.6184,-415.4071,457.9145,292.4979,284.7691,93.1936,22.0529,-507.7655,-507.7655,202.3627,14.2003
07/07/2021,-0.55171,0.12388,-163.2589,-61.6643,127.4288,-8.6479,71.1572,-52.9041,-32.1415,43.8489,94.0962,90.8171,10.1004,180.8249,180.8249,232.9585,-52.1768
08/07/2021,-0.55214,0.119,341.5601,-16.0075,90.7472,31.4736,58.2792,12.933,-185.179,-106.2806,618.138,-304.2489,10.1004,-25.1696,-25.1696,202.1813,-5.7819
09/07/2021,-0.55229,0.12863,-77.9511,-39.2695,269.5907,243.7824,31.6117,11.9039,13.079,145.0622,531.0319,-546.6154,5.1497,-17.8461,-17.8461,-45.7132,-5.076
12/07/2021,-0.55457,0.13288,112.0345,95.7623,39.7645,42.0951,5.9763,144.6318,62.9202,-69.7465,718.6811,-185.379,5.1497,274.6547,274.6547,61.2046,71.762
13/07/2021,-0.555,0.12613,497.1555,88.6471,255.6025,337.3854,88.4104,7.8751,98.4453,3.4615,1015.597,-392.3347,5.1497,-443.0695,-443.0695,81.4939,48.59
14/07/2021,-0.55386,0.12638,1139.8455,-0.7378,580.4588,618.5121,19.9937,23.6148,167.336,-0.4943,2441.58,-303.335,5.1497,169.2946,169.2946,17.6788,7.5158
15/07/2021,-0.55486,0.13388,191.233,15.2097,273.3108,44.5826,40.6491,2.5878,-182.0849,45.5217,-127.4991,-144.3582,5.1497,-472.5028,-472.5028,49.1733,-28.5075
16/07/2021,-0.555,0.13425,232.0445,-21.1774,262.0772,103.4422,-5.7988,2.5878,647.0178,199.9525,423.6884,140.2469,-16.8194,-612.4553,-612.4553,97.7483,-64.0786
19/07/2021,-0.556,0.13425,288.9064,-63.7992,-330.4113,1041.223,29.217,-89.9156,-138.4245,-22.2154,465.9485,-628.9756,-16.7447,-1074.927,-1074.927,186.9024,-45.9931
20/07/2021,-0.556,0.13825,-221.3913,58.4867,-232.7771,227.2551,68.3383,-9.5575,-497.3072,105.1161,-144.3456,173.5775,16.9979,330.8458,330.8458,100.605,-5.049
21/07/2021,-0.55886,0.13788,242.3969,129.286,57.2501,573.0443,54.5261,-43.6622,-38.9976,46.4792,1037.787,200.4804,27.2222,652.4512,652.4512,92.0645,9.3647
22/07/2021,-0.55914,0.12525,223.0941,79.2373,449.2057,9.3935,63.6294,-43.6622,263.0803,-67.5918,998.3871,677.6847,17.1671,983.62,983.62,185.8281,24.1072
23/07/2021,-0.55871,0.12888,1050.156,100.2558,464.4871,-1264.163,32.1614,44.0527,435.931,1849.993,1552.584,340.7886,0.9533,-224.3431,-224.3431,83.18,53.9173
26/07/2021,-0.55886,0.13163,1604.946,-32.1554,1453.358,-73.6266,35.9679,-45.6199,-24.2701,-67.9885,1120.238,-13.3436,-17.2141,-293.5271,-293.5271,183.9905,-11.6502
27/07/2021,-0.55571,0.12963,895.0165,-45.1263,303.2798,-661.1292,46.3083,-203.8657,115.7697,522.0916,173.9412,-168.4652,68.2752,-663.4125,-663.4125,43.8459,-60.8489
28/07/2021,-0.55643,0.1285,1492.651,93.3766,1722.801,-554.7757,20.3908,19.4103,235.7106,728.8521,2308.302,173.938,68.2752,114.7036,114.7036,67.8669,43.178
29/07/2021,-0.55614,0.12575,1161.057,-10.1546,1042.353,-32.448,31.6154,-1.1837,-188.3429,128.7925,583.3485,433.2241,-60.3388,-41.3083,-41.3083,25.2503,31.0714
30/07/2021,-0.55414,0.11775,54.9995,-15.3072,-248.1608,71.3993,66.8017,41.7857,70.4967,-355.4425,-497.7054,-174.7992,17.1686,-191.7968,-191.7968,12.8413,-22.0745
02/08/2021,-0.55857,0.12375,445.5289,-66.9501,227.217,1097.636,57.9212,21.44,298.1437,622.0422,2310.026,-617.4769,17.1686,-490.7048,-490.7048,-95.2227,-82.5849
03/08/2021,-0.55886,0.12138,314.7627,105.7108,203.9365,147.019,88.3921,-12.9771,393.9915,484.238,950.2651,-953.6176,-17.2003,-1233.54,-1233.54,116.5646,-6.4077
04/08/2021,-0.55871,0.12175,22.7498,30.0068,-31.3878,98.6575,73.6994,-273.3587,212.9696,-21.8067,438.5611,272.973,9.9918,797.9238,797.9238,19.3397,-1.5199
05/08/2021,-0.55814,0.12538,310.0096,149.7267,220.6485,45.985,89.6554,-165.8861,55.7273,151.797,603.2526,103.0719,-15.3969,262.7171,262.7171,62.1553,22.9468
06/08/2021,-0.558,0.12838,244.7859,22.0237,58.5288,173.4657,151.9703,-1.3342,324.7983,253.0963,1640.598,-71.3391,17.2431,584.9372,584.9372,-32.4619,-3.4004
09/08/2021,-0.55829,0.12725,236.465,465.7659,73.5494,-437.2619,30.5078,-173.1745,-328.6887,197.4997,279.0386,74.741,-44.7306,464.0347,464.0347,85.9978,68.7614
10/08/2021,-0.55914,0.12275,-62.929,278.2684,-257.5224,132.1817,-116.1868,5.312,358.7962,3.1238,764.6645,7.8729,-17.2092,378.6997,378.6997,63.0274,18.3876
11/08/2021,-0.55957,0.12125,29.9433,53.4272,-2.4443,255.4382,54.8611,-2.5072,-174.7298,-142.4035,1041.871,-305.0412,-17.2092,600.3624,600.3624,161.8301,39.4309
12/08/2021,-0.55829,0.12475,506.2614,186.4415,270.3296,10.3671,51.311,-104.6032,221.1766,51.3718,940.2142,33.5591,-17.2092,485.9888,485.9888,44.9473,36.5927
13/08/2021,-0.56143,0.12425,45.0731,96.9893,168.6887,106.4575,104.2344,13.5422,-106.2905,240.7061,503.6154,312.2536,17.1687,192.8731,192.8731,218.2889,61.8699
16/08/2021,-0.56057,0.1245,492.1348,-80.635,446.0027,120.7146,61.1457,5.4522,200.528,109.9373,931.0774,159.7806,-17.0176,458.7764,458.7764,69.5758,-160.7466
17/08/2021,-0.56071,0.12725,334.1081,-127.4255,88.2413,-42.242,48.4171,-30.468,-301.8087,71.75,-203.103,-286.496,31.6265,-285.8554,-285.8554,33.14,10.2988
18/08/2021,-0.55686,0.13088,-17.913,-38.746,239.7201,38.5738,13.4795,7.7483,81.7615,124.3817,165.9738,-23.2526,-27.8056,55.3698,55.3698,3.1246,35.0439
19/08/2021,-0.55729,0.13075,178.4709,6.3964,61.6623,102.2577,35.4485,26.1905,186.3044,6.7869,669.9975,-128.3251,-16.8052,9.0476,9.0476,93.4881,26.494
20/08/2021,-0.55843,0.12838,520.7051,-51.7331,441.7926,470.7217,43.5874,46.694,362.8025,341.818,2086.019,371.9567,-76.1408,976.0165,976.0165,138.8163,35.9146
23/08/2021,-0.56114,0.12925,207.404,81.8592,154.0397,115.1474,33.1064,-1.4554,-85.8064,25.8395,270.0166,368.057,-76.1408,325.3924,325.3924,19.7192,96.4219
24/08/2021,-0.56143,0.12175,168.5881,171.1699,162.6999,105.5189,50.6841,-1.4554,242.3789,45.5253,702.1348,370.2638,25.9018,555.8487,555.8487,20.5412,118.4737
25/08/2021,-0.56114,0.12375,385.2937,32.6355,21.8461,268.1699,86.366,51.7601,122.8562,146.523,-46.0795,385.1632,25.9018,-348.4557,-348.4557,15.4515,123.637
26/08/2021,-0.561,0.12075,457.0298,114.2188,82.6726,135.0563,22.3266,26.4036,-378.9445,206.011,560.8652,156.1458,25.9018,201.974,201.974,34.1238,65.7856
27/08/2021,-0.56186,0.11988,448.9057,75.9558,825.3875,345.7201,53.7994,27.7462,-155.5722,221.6576,1621.318,577.8847,95.93,815.7115,815.7115,62.6182,76.3061
31/08/2021,-0.55943,0.11963,130.8237,96.9401,-511.0134,-149.0522,64.1706,43.8273,81.8047,235.5643,-231.3368,172.7158,-96.032,81.9588,81.9588,62.719,139.8032
01/09/2021,-0.56543,0.11888,322.5618,118.218,78.9737,-700.4535,103.6012,43.8273,64.8347,611.4774,-144.8182,383.3299,17.5289,79.7083,79.7083,41.2971,90.9036
02/09/2021,-0.56457,0.11763,388.8729,240.5191,215.8273,81.7048,41.6079,-93.4922,-82.0929,231.6669,694.3593,232.5241,180.5911,-37.253,-37.253,249.7559,120.2926
03/09/2021,-0.56457,0.1155,446.1415,173.4555,141.7747,10.0032,28.116,-62.757,-67.0308,203.9439,575.8732,-14.0168,62.4407,-101.8969,-101.8969,81.296,81.3688
06/09/2021,-0.56457,0.11463,446.1415,173.4555,141.7747,10.0032,28.116,-62.757,-67.0308,203.9439,575.8732,-14.0168,62.4407,-101.8969,-101.8969,81.296,81.3688
07/09/2021,-0.56486,0.116,425.0319,270.573,-94.4148,184.5022,3.9977,-111.6825,286.5868,-48.4391,795.6241,-447.1457,61.0185,-696.272,-696.272,-22.0687,70.6327
08/09/2021,-0.56414,0.11575,266.4933,264.4225,-47.1453,120.4565,37.8897,0.9995,-132.7737,-91.2753,299.9295,-435.8111,32.8273,-381.1709,-381.1709,48.5064,79.056
09/09/2021,-0.56414,0.11413,360.843,217.196,253.8099,44.7831,27.939,10.8771,200.2219,193.4369,723.549,212.3141,17.4991,-1.211,-1.211,116.1185,42.9849
10/09/2021,-0.56557,0.11575,152.2452,29.7334,84.9143,322.8391,15.1306,39.378,-34.2679,261.2282,569.9475,-79.2108,17.4153,-234.1413,-234.1413,155.0833,40.1258
13/09/2021,-0.56486,0.116,576.4971,180.4302,554.1434,-325.2379,17.6639,10.3236,-65.7577,-5.7053,862.8927,-413.4316,2.1956,-125.8283,-125.8283,67.6679,14.0447
14/09/2021,-0.56443,0.118,120.4842,435.6469,654.4615,-445.2768,-7.4221,291.5056,-195.8974,129.741,798.6906,228.9127,34.7147,316.7424,316.7424,115.1427,30.6233
15/09/2021,-0.56043,0.12,385.1177,465.3834,77.6689,263.3458,35.5494,29.303,13.5516,24.3509,452.4926,650.9513,17.4382,231.8085,231.8085,23.6536,44.1626
16/09/2021,-0.56114,0.122,151.6005,80.1391,172.091,-17.8844,42.7154,16.014,359.3549,206.3583,1130.311,215.1938,17.4755,420.1556,420.1556,9.0216,29.2194
17/09/2021,-0.561,0.12388,870.2189,14.9648,619.9327,320.8386,42.573,25.7771,-80.9128,363.2537,1926.536,-275.6106,17.4755,290.2105,290.2105,37.022,-26.0622
20/09/2021,-0.55986,0.12538,198.996,-40.7345,151.8646,23.4458,17.6064,11.8629,13.6617,37.6764,-53.1195,-653.3572,-17.2422,-1242.452,-1242.452,119.3847,-44.3206
21/09/2021,-0.56086,0.12838,251.9691,55.7505,236.3611,278.0275,48.6438,12.7184,34.1697,49.8451,835.5205,382.2433,17.2768,702.5341,702.5341,59.291,2.395
22/09/2021,-0.55671,0.12925,164.9275,46.5141,284.0357,76.2714,100.521,2.6555,-614.5225,112.7007,52.6913,415.4215,17.4271,644.6272,644.6272,147.0313,20.1198
23/09/2021,-0.556,0.13225,253.1776,-36.8304,267.3183,-151.469,24.6523,30.636,714.802,105.3943,1093.961,163.1147,17.5567,267.855,267.855,-43.3417,35.8596
24/09/2021,-0.55843,0.13225,350.9766,13.3745,287.7158,7.775,17.6106,30.6409,83.1481,415.1017,1304.992,5.0077,17.5353,361.2095,361.2095,32.5071,9.562
27/09/2021,-0.55586,0.13175,387.4457,-249.5624,6.5212,202.7334,-5.407,2.6093,-241.0823,19.5335,518.596,-253.1623,144.3343,186.1454,186.1454,-19.6103,-48.4382
28/09/2021,-0.55686,0.1315,163.3212,-150.3192,544.3283,124.3621,-25.6923,41.2043,-268.4939,91.5018,502.7444,-78.0961,120.1616,31.6256,31.6256,58.7445,2.392
29/09/2021,-0.56257,0.13088,239.6102,-46.8227,213.5763,-216.4666,19.7006,37.7214,217.9481,94.7091,-95.0381,94.7378,120.1616,-715.5513,-715.5513,178.0579,59.6511
30/09/2021,-0.56343,0.13013,239.6102,-46.8227,213.5763,-216.4666,19.7006,37.7214,217.9481,244.02,-95.0381,94.7378,120.1616,-715.5513,-715.5513,178.0579,59.6511
01/10/2021,-0.56457,0.13313,140.6803,91.1662,386.2765,946.7813,45.7728,2.659,40.7575,257.075,1323.285,-78.9021,120.1616,-308.3385,-308.3385,28.8588,11.4772
04/10/2021,-0.566,0.12663,318.7351,111.7591,1018.081,-307.9566,0.1986,2.659,-434.0974,315.0648,825.5328,-259.7081,-8.4578,-209.0516,-209.0516,35.1057,29.2432
05/10/2021,-0.56443,0.124,89.4668,-51.3481,374.0837,21.7093,-64.3527,-16.383,-741.1261,463.8798,-294.302,-69.4771,-17.0206,227.3107,227.3107,26.1403,25.4604
06/10/2021,-0.56786,0.124,414.1274,-42.6754,96.0194,-158.2993,-11.7261,-47.5514,105.0477,144.442,476.034,-622.5775,-17.0206,-847.7755,-847.7755,33.0298,-67.297
07/10/2021,-0.566,0.12363,156.9762,152.8796,3.3914,421.2342,-0.9596,401.7903,448.697,327.0711,2167.959,687.5493,-17.0206,1313.182,1313.182,27.5163,111.4333
08/10/2021,-0.56843,0.12113,208.7496,114.6809,237.4828,-397.9895,-13.2594,10.582,209.885,519.9755,1062.669,-715.1877,32.1588,-827.5208,-827.5208,16.1262,53.5525
11/10/2021,-0.56914,0.12175,212.3281,51.3154,48.4364,71.6371,1.4094,10.582,-5.6272,1.3413,299.5888,-12.1244,32.1588,65.067,65.067,-38.9559,39.9189
12/10/2021,-0.56814,0.12675,-297.5486,10.5394,28.3332,-20.9844,39.2691,33.5146,-263.1825,196.5147,-687.0139,-614.2297,68.6294,-1361.912,-1361.912,79.6473,0.6028
13/10/2021,-0.56871,0.12375,290.4211,75.6178,84.5856,281.3592,21.3098,7.7702,105.8926,236.1669,603.337,33.9189,-17.2865,-190.0099,-190.0099,103.0662,59.9259
14/10/2021,-0.56829,0.12225,290.4211,75.6178,84.5856,281.3592,21.3098,7.7702,105.8926,124.45,603.337,33.9189,-17.2865,-190.0099,-190.0099,103.0662,59.9259
15/10/2021,-0.57057,0.12363,131.946,13.5988,177.3111,56.7026,1.3706,10.4102,-79.93,329.6291,759.2514,578.7346,17.4665,787.7807,787.7807,42.3911,64.3656
18/10/2021,-0.56986,0.1315,170.524,279.1349,-54.647,204.1547,30.0861,5.1762,-430.3874,138.657,372.5617,195.7073,10.2237,270.9739,270.9739,18.0735,29.8774
19/10/2021,-0.57,0.1295,-101.0531,41.4932,-86.2706,-244.4218,64.2841,29.1775,74.7599,84.1108,-115.5441,928.7326,17.5795,859.3443,859.3443,25.6242,36.2667
20/10/2021,-0.57229,0.12825,105.6297,503.5344,471.4707,-474.6577,18.3717,33.776,175.2796,307.9278,977.5472,114.4951,20.5541,82.8091,82.8091,-51.8911,66.373
21/10/2021,-0.55871,0.12388,240.6945,62.543,-259.9428,-108.3412,28.7623,301.2719,128.4108,704.0089,218.0513,630.6621,20.5541,-415.8454,-415.8454,-110.6524,43.3117
22/10/2021,-0.55929,0.12488,94.1297,100.5927,-432.2887,163.0384,37.9327,-4.8913,-74.9274,419.0648,175.2321,289.9109,17.5612,-50.8295,-50.8295,54.4091,83.6226
25/10/2021,-0.56243,0.1345,122.9175,93.8578,-297.6623,270.2457,24.1471,-4.8913,99.3113,-37.3234,311.1785,85.4128,15.397,245.7802,245.7802,51.5234,115.3992
26/10/2021,-0.56057,0.13588,218.7776,-56.018,425.7865,350.7739,31.0241,17.8878,70.5721,388.814,624.0334,302.5206,-17.5458,121.2713,121.2713,269.4346,30.0307
27/10/2021,-0.56157,0.12863,445.6625,28.5513,423.8725,373.4535,41.0713,15.915,-97.9158,206.5551,619.1615,-34.313,-17.5458,-429.075,-429.075,205.8957,-28.219
28/10/2021,-0.56214,0.13163,150.214,127.1255,255.1109,331.2807,31.7152,348.8589,169.4085,295.1706,1191.595,208.9892,-17.5765,-3.0349,-3.0349,187.689,57.7942
29/10/2021,-0.56186,0.13225,422.3742,2.0334,-157.6203,235.124,26.0926,54.8811,311.8076,314.9069,1166.865,149.4406,17.606,739.4925,739.4925,49.1891,25.2626
01/11/2021,-0.56757,0.14088,301.0857,-181.1875,-65.8113,493.2464,83.8345,46.4845,-146.9361,293.7317,236.8821,-1015.876,30.4679,-1804.048,-1804.048,13.4741,3.635
02/11/2021,-0.56543,0.145,-240.4432,56.5361,113.5473,161.5696,47.0608,46.4845,-258.6237,221.2035,185.2517,-27.8687,-12.7472,284.3629,284.3629,183.6248,53.0482
03/11/2021,-0.567,0.13975,-189.567,-86.331,96.1648,316.3856,52.1337,-37.8272,-226.5767,187.3663,408.8004,369.0607,-17.7248,651.4768,651.4768,138.8119,70.3509
04/11/2021,-0.566,0.14438,405.3967,-9.8987,-40.1353,682.5175,126.3258,-129.872,-76.9726,129.4635,1279.095,807.3885,11.1353,961.9613,961.9613,197.8631,67.9255
05/11/2021,-0.56571,0.14275,310.7662,27.5861,230.793,386.2615,110.9432,-120.5674,219.6048,394.9235,1642.228,1609.65,6.006,2236.581,2236.581,124.8118,72.564
08/11/2021,-0.56386,0.14563,245.3438,55.6993,202.2537,34.8946,25.169,-1.3298,191.0216,53.0503,533.9694,28.2503,6.006,105.2546,105.2546,126.8368,50.5868
09/11/2021,-0.56743,0.1495,224.085,66.442,-123.1779,380.3742,56.7201,59.8896,-410.6299,143.9873,21.1468,557.7181,32.0535,498.5768,498.5768,126.3676,59.6681
10/11/2021,-0.56757,0.15438,-82.6237,57.8047,195.9993,86.014,-28.7294,-20.7178,865.9654,77.0548,1054.094,-222.5806,32.0535,-411.3407,-411.3407,8.0363,36.9924
11/11/2021,-0.57186,0.156,175.0074,22.1683,-8.3121,26.6487,-9.2198,-20.7178,0.5682,-41.504,69.8052,24.7748,32.0535,-4.2551,-4.2551,13.8209,22.1683
12/11/2021,-0.57314,0.155,619.2334,468.6588,167.8841,307.3096,-38.4741,-103.9695,-100.5744,505.657,-348.0755,174.0004,-17.7758,-1151.469,-1151.469,22.0508,125.9985
15/11/2021,-0.57314,0.15788,62.6509,261.4939,125.0192,-51.5729,-26.4502,42.251,129.6269,382.7401,844.2362,106.8342,17.7497,309.6167,309.6167,-0.8039,74.8173
16/11/2021,-0.57129,0.16,459.1388,98.9458,-91.6946,124.4521,35.6685,-9.0298,32.9111,263.5122,1054.345,336.6669,17.7497,567.2718,567.2718,-81.0566,92.9262
17/11/2021,-0.56743,0.1575,232.0153,167.6569,26.5661,335.3275,19.3588,-25.175,265.9689,234.154,1057.488,-412.355,17.7497,78.0281,78.0281,-132.339,90.9478
18/11/2021,-0.56771,0.15963,217.8887,95.608,909.8501,235.7344,16.5502,-12.2379,55.921,684.5235,1998.742,-56.6242,17.7497,821.672,821.672,50.8424,80.7296
19/11/2021,-0.56514,0.164,47.2832,-15.6922,216.8801,221.9318,-45.846,66.05,-141.343,219.6684,367.7328,-358.0835,-34.91,-286.7041,-286.7041,84.1785,27.7556
22/11/2021,-0.57943,0.16963,-671.9215,15.5972,89.2558,-311.7671,-3.0494,-10.338,-173.4505,151.1176,-370.1065,-488.8589,8.6129,-389.2082,-389.2082,71.1235,-17.453
23/11/2021,-0.58457,0.178,407.9603,-32.1172,-668.9669,-200.0432,-12.1225,-22.6696,29.183,55.0522,-104.8989,-947.0473,-85.6598,-1614.756,-1614.756,34.8392,-5.9212
24/11/2021,-0.59,0.18025,168.3963,-74.7033,-468.8719,520.0704,11.0305,-15.0633,21.4958,-15.4681,-73.8357,-288.5618,-85.6598,-678.6032,-678.6032,20.4808,-19.6481
25/11/2021,-0.59,0.17563,168.3963,-74.7033,-468.8719,520.0704,11.0305,-15.0633,21.4958,-15.4681,-73.8357,-288.5618,-85.6598,-678.6032,-678.6032,20.4808,-19.6481
26/11/2021,-0.58643,0.17538,-156.5249,-210.3553,437.3404,-513.2132,7.1138,-15.0633,303.0658,18.6727,480.5233,-108.2895,-16.9997,32.7451,32.7451,43.915,-153.8762
29/11/2021,-0.59771,0.17088,429.4979,-399.0771,30.4351,268.0655,16.5308,25.6982,595.2458,96.1923,1151.169,78.8337,-42.6112,382.424,382.424,-20.8747,-172.7032
30/11/2021,-0.59871,0.17325,530.9655,-23.9918,-179.0999,195.0698,-12.701,96.6409,249.2265,-164.0757,134.119,-208.4907,126.0587,-672.3827,-672.3827,45.8022,-156.152
01/12/2021,-0.59743,0.17463,109.5412,-240.5068,325.6461,-503.8732,87.1633,-77.7957,1081.943,36.4246,1182.171,-526.6444,-41.2265,-245.4042,-245.4042,17.9839,-268.8353
02/12/2021,-0.6,0.18013,162.848,40.7119,333.9739,543.642,20.8108,-99.3176,1030.731,189.065,2354.572,-733.4479,-130.2989,-414.6027,-414.6027,51.0402,-33.3328
03/12/2021,-0.60114,0.18763,297.3636,18.7824,269.1258,117.1271,27.2967,-39.6599,643.2495,258.4086,1497.77,-358.312,-49.0384,77.1705,77.1705,104.2345,-52.1875
06/12/2021,-0.60443,0.19,355.5317,-6.2204,-269.2165,521.0819,29.9718,-18.2046,327.5692,158.7275,1298.71,1396.093,-32.8295,1071.758,1071.758,155.5193,11.3668
07/12/2021,-0.60614,0.19825,293.6511,-163.7423,97.6609,88.4789,47.6674,-15.057,748.433,-95.9643,-65.9186,860.3033,-317.8304,243.651,243.651,66.2354,-25.9981
08/12/2021,-0.59829,0.2005,236.0906,-8.6764,92.2302,102.8797,42.5715,-122.0174,-526.2321,24.7593,40.7063,135.0283,-48.7463,47.2088,47.2088,53.8701,3.6246
09/12/2021,-0.60757,0.20088,98.4973,31.3273,14.373,-54.6695,27.4483,5.0962,-381.7229,57.9406,318.5945,-317.6958,16.6861,-101.6621,-101.6621,100.5052,12.3595
10/12/2021,-0.607,0.19825,359.0171,57.8015,194.8804,-138.922,-15.5875,15.867,-155.4471,314.2668,538.94,255.5951,20.5213,340.752,340.752,146.8796,61.8341
13/12/2021,-0.611,0.20275,86.3436,-73.4848,70.0571,248.5949,12.2306,-7.5255,65.7905,139.0193,850.8846,228.8172,-24.7629,566.5723,566.5723,191.7979,27.6012
14/12/2021,-0.61243,0.21088,312.8791,-55.9997,121.9351,134.0051,18.2935,-118.3735,318.4961,-439.0698,-648.3453,-493.514,-2.4609,-1608.212,-1608.212,89.6917,30.9132
15/12/2021,-0.61086,0.21563,269.6308,93.5604,-328.4828,146.7031,10.6391,-42.5145,-114.1754,-329.6437,-14.9938,697.1292,16.5085,515.4255,515.4255,107.5982,107.9184
16/12/2021,-0.60929,0.21363,156.0752,170.2862,-72.9428,-51.7306,48.0144,-42.5145,22.9134,-199.2816,157.2412,572.5592,16.5085,187.1188,187.1188,259.2432,117.0016
17/12/2021,-0.61529,0.21263,405.0467,272.8399,270.3517,223.3274,-21.4263,-26.5512,108.1338,293.8936,1081.1,453.5499,16.5085,373.2146,373.2146,233.6953,57.7255
20/12/2021,-0.61429,0.21425,151.3399,52.0563,255.3616,875.2821,52.0044,15.0369,155.4929,-70.559,1479.181,498.9638,112.2784,518.4096,518.4096,166.3569,95.8098
21/12/2021,-0.60071,0.216,570.1467,293.6466,329.3537,468.5073,14.3539,-16.6601,77.0556,217.0088,2076.962,728.1662,-48.1489,1344.252,1344.252,56.9485,70.3867
22/12/2021,-0.602,0.21138,502.5717,201.4794,-69.0555,574.9201,65.6285,54.054,138.4737,14.9129,1473.857,395.6874,-48.1489,551.5018,551.5018,178.4925,79.4982
23/12/2021,-0.59229,0.21975,487.4347,68.8555,51.6417,410.3476,50.904,59.0332,30.2602,159.4394,1103.312,501.7404,-48.1489,633.6542,633.6542,111.032,40.85
24/12/2021,-0.592,0.21788,487.4347,68.8555,51.6417,410.3476,50.904,59.0332,30.2602,159.4394,1103.312,501.7404,-48.1489,633.6542,633.6542,111.032,40.85
29/12/2021,-0.587,0.22375,316.7806,64.1676,508.5461,9.0443,28.9347,31.644,166.281,307.5558,1092.929,-14.0709,16.5339,207.3481,207.3481,69.1448,11.3878
30/12/2021,-0.58129,0.21438,548.1868,113.9714,329.9063,103.2806,16.295,57.0133,43.283,148.4737,1031.5305,222.9439,16.6148,289.6897,289.6897,39.9703,14.1479
31/12/2021,-0.58057,0.20913,548.1868,113.9714,329.9063,103.2806,16.295,57.0133,43.283,148.4737,1031.5305,222.9439,16.6148,289.6897,289.6897,39.9703,14.1479
